"category","region","sex_group","row_id","relation","quintile","percentage","area_type","province"
"Employer","PAKISTAN","Both Sexes",4,"Head","total",0.774944577160065,"Overall","Pakistan"
"Employer","PAKISTAN","Both Sexes",4,"Head","q1",0.24479390791655,"Overall","Pakistan"
"Employer","PAKISTAN","Both Sexes",4,"Head","q2",0.376057366493792,"Overall","Pakistan"
"Employer","PAKISTAN","Both Sexes",4,"Head","q3",0.409004807106434,"Overall","Pakistan"
"Employer","PAKISTAN","Both Sexes",4,"Head","q4",0.851227605693798,"Overall","Pakistan"
"Employer","PAKISTAN","Both Sexes",4,"Head","q5",1.87950399208917,"Overall","Pakistan"
"Self Employed","PAKISTAN","Both Sexes",5,"Head","total",15.5329453157817,"Overall","Pakistan"
"Self Employed","PAKISTAN","Both Sexes",5,"Head","q1",10.0627330114691,"Overall","Pakistan"
"Self Employed","PAKISTAN","Both Sexes",5,"Head","q2",13.9247915749912,"Overall","Pakistan"
"Self Employed","PAKISTAN","Both Sexes",5,"Head","q3",15.6651983248571,"Overall","Pakistan"
"Self Employed","PAKISTAN","Both Sexes",5,"Head","q4",17.7632008316552,"Overall","Pakistan"
"Self Employed","PAKISTAN","Both Sexes",5,"Head","q5",19.5854263610078,"Overall","Pakistan"
"Contributing Family Worker","PAKISTAN","Both Sexes",6,"Head","total",0.253185192362151,"Overall","Pakistan"
"Contributing Family Worker","PAKISTAN","Both Sexes",6,"Head","q1",0.165366136677695,"Overall","Pakistan"
"Contributing Family Worker","PAKISTAN","Both Sexes",6,"Head","q2",0.285653796859202,"Overall","Pakistan"
"Contributing Family Worker","PAKISTAN","Both Sexes",6,"Head","q3",0.326426655912993,"Overall","Pakistan"
"Contributing Family Worker","PAKISTAN","Both Sexes",6,"Head","q4",0.293298169694235,"Overall","Pakistan"
"Contributing Family Worker","PAKISTAN","Both Sexes",6,"Head","q5",0.194185073150377,"Overall","Pakistan"
"Employee","PAKISTAN","Both Sexes",7,"Head","total",27.6265476818877,"Overall","Pakistan"
"Employee","PAKISTAN","Both Sexes",7,"Head","q1",29.8456279734146,"Overall","Pakistan"
"Employee","PAKISTAN","Both Sexes",7,"Head","q2",28.5102346696964,"Overall","Pakistan"
"Employee","PAKISTAN","Both Sexes",7,"Head","q3",27.309558787698,"Overall","Pakistan"
"Employee","PAKISTAN","Both Sexes",7,"Head","q4",26.3208946867956,"Overall","Pakistan"
"Employee","PAKISTAN","Both Sexes",7,"Head","q5",26.406510328748,"Overall","Pakistan"
"Not Economically Active","PAKISTAN","Both Sexes",8,"Other","total",2.72400540705177,"Overall","Pakistan"
"Not Economically Active","PAKISTAN","Both Sexes",8,"Other","q1",0.441220234631173,"Overall","Pakistan"
"Not Economically Active","PAKISTAN","Both Sexes",8,"Other","q2",1.03987330145838,"Overall","Pakistan"
"Not Economically Active","PAKISTAN","Both Sexes",8,"Other","q3",1.78586809004084,"Overall","Pakistan"
"Not Economically Active","PAKISTAN","Both Sexes",8,"Other","q4",3.12100809432548,"Overall","Pakistan"
"Not Economically Active","PAKISTAN","Both Sexes",8,"Other","q5",6.78189890411191,"Overall","Pakistan"
"Employer","PAKISTAN","Both Sexes",10,"Other","total",0.261503948647968,"Overall","Pakistan"
"Employer","PAKISTAN","Both Sexes",10,"Other","q1",0.11044362124718,"Overall","Pakistan"
"Employer","PAKISTAN","Both Sexes",10,"Other","q2",0.0825360785071102,"Overall","Pakistan"
"Employer","PAKISTAN","Both Sexes",10,"Other","q3",0.166623091670646,"Overall","Pakistan"
"Employer","PAKISTAN","Both Sexes",10,"Other","q4",0.328272339691163,"Overall","Pakistan"
"Employer","PAKISTAN","Both Sexes",10,"Other","q5",0.583284152258697,"Overall","Pakistan"
"Self Employed","PAKISTAN","Both Sexes",11,"Other","total",6.21480301010351,"Overall","Pakistan"
"Self Employed","PAKISTAN","Both Sexes",11,"Other","q1",5.0451119146017,"Overall","Pakistan"
"Self Employed","PAKISTAN","Both Sexes",11,"Other","q2",5.62021921994696,"Overall","Pakistan"
"Self Employed","PAKISTAN","Both Sexes",11,"Other","q3",6.8992832266528,"Overall","Pakistan"
"Self Employed","PAKISTAN","Both Sexes",11,"Other","q4",6.97508355758599,"Overall","Pakistan"
"Self Employed","PAKISTAN","Both Sexes",11,"Other","q5",6.4165459604284,"Overall","Pakistan"
"Contributing Family Worker","PAKISTAN","Both Sexes",12,"Other","total",13.2818087744424,"Overall","Pakistan"
"Contributing Family Worker","PAKISTAN","Both Sexes",12,"Other","q1",14.5086411695244,"Overall","Pakistan"
"Contributing Family Worker","PAKISTAN","Both Sexes",12,"Other","q2",14.7091165714693,"Overall","Pakistan"
"Contributing Family Worker","PAKISTAN","Both Sexes",12,"Other","q3",13.6418007417505,"Overall","Pakistan"
"Contributing Family Worker","PAKISTAN","Both Sexes",12,"Other","q4",13.6850085312458,"Overall","Pakistan"
"Contributing Family Worker","PAKISTAN","Both Sexes",12,"Other","q5",10.1734525166931,"Overall","Pakistan"
"Employee","PAKISTAN","Both Sexes",13,"Other","total",32.4770760592276,"Overall","Pakistan"
"Employee","PAKISTAN","Both Sexes",13,"Other","q1",39.3065263866402,"Overall","Pakistan"
"Employee","PAKISTAN","Both Sexes",13,"Other","q2",35.1516455285905,"Overall","Pakistan"
"Employee","PAKISTAN","Both Sexes",13,"Other","q3",33.0466721922681,"Overall","Pakistan"
"Employee","PAKISTAN","Both Sexes",13,"Other","q4",29.8813912008495,"Overall","Pakistan"
"Employee","PAKISTAN","Both Sexes",13,"Other","q5",25.9392381312501,"Overall","Pakistan"
"Not Economically Active","PAKISTAN","Both Sexes",14,"Other","total",0.853180033335144,"Overall","Pakistan"
"Not Economically Active","PAKISTAN","Both Sexes",14,"Other","q1",0.269528253872677,"Overall","Pakistan"
"Not Economically Active","PAKISTAN","Both Sexes",14,"Other","q2",0.299871891987185,"Overall","Pakistan"
"Not Economically Active","PAKISTAN","Both Sexes",14,"Other","q3",0.749571033650579,"Overall","Pakistan"
"Not Economically Active","PAKISTAN","Both Sexes",14,"Other","q4",0.780608134182475,"Overall","Pakistan"
"Not Economically Active","PAKISTAN","Both Sexes",14,"Other","q5",2.03994144633797,"Overall","Pakistan"
"Employer","PAKISTAN","Male",4,"Head","total",0.970102320871966,"Overall","Pakistan"
"Employer","PAKISTAN","Male",4,"Head","q1",0.334261461787684,"Overall","Pakistan"
"Employer","PAKISTAN","Male",4,"Head","q2",0.485181522163153,"Overall","Pakistan"
"Employer","PAKISTAN","Male",4,"Head","q3",0.507110283299475,"Overall","Pakistan"
"Employer","PAKISTAN","Male",4,"Head","q4",1.02308404470233,"Overall","Pakistan"
"Employer","PAKISTAN","Male",4,"Head","q5",2.23677458552154,"Overall","Pakistan"
"Self Employed","PAKISTAN","Male",5,"Head","total",19.0368788874298,"Overall","Pakistan"
"Self Employed","PAKISTAN","Male",5,"Head","q1",13.4329313080335,"Overall","Pakistan"
"Self Employed","PAKISTAN","Male",5,"Head","q2",17.622340860854,"Overall","Pakistan"
"Self Employed","PAKISTAN","Male",5,"Head","q3",19.0885270995784,"Overall","Pakistan"
"Self Employed","PAKISTAN","Male",5,"Head","q4",20.9250063213289,"Overall","Pakistan"
"Self Employed","PAKISTAN","Male",5,"Head","q5",22.7180336678317,"Overall","Pakistan"
"Contributing Family Worker","PAKISTAN","Male",6,"Head","total",0.137466166176385,"Overall","Pakistan"
"Contributing Family Worker","PAKISTAN","Male",6,"Head","q1",0.0850865704390566,"Overall","Pakistan"
"Contributing Family Worker","PAKISTAN","Male",6,"Head","q2",0.20812221622724,"Overall","Pakistan"
"Contributing Family Worker","PAKISTAN","Male",6,"Head","q3",0.149609427859003,"Overall","Pakistan"
"Contributing Family Worker","PAKISTAN","Male",6,"Head","q4",0.12183373851296,"Overall","Pakistan"
"Contributing Family Worker","PAKISTAN","Male",6,"Head","q5",0.122894978991797,"Overall","Pakistan"
"Employee","PAKISTAN","Male",7,"Head","total",33.6516695244267,"Overall","Pakistan"
"Employee","PAKISTAN","Male",7,"Head","q1",39.5337917903771,"Overall","Pakistan"
"Employee","PAKISTAN","Male",7,"Head","q2",35.9987946777795,"Overall","Pakistan"
"Employee","PAKISTAN","Male",7,"Head","q3",32.9875687476782,"Overall","Pakistan"
"Employee","PAKISTAN","Male",7,"Head","q4",30.7790609929227,"Overall","Pakistan"
"Employee","PAKISTAN","Male",7,"Head","q5",30.4668180430618,"Overall","Pakistan"
"Not Economically Active","PAKISTAN","Male",8,"Other","total",3.11638982340473,"Overall","Pakistan"
"Not Economically Active","PAKISTAN","Male",8,"Other","q1",0.535383429935316,"Overall","Pakistan"
"Not Economically Active","PAKISTAN","Male",8,"Other","q2",1.2853649049348,"Overall","Pakistan"
"Not Economically Active","PAKISTAN","Male",8,"Other","q3",2.05597899020962,"Overall","Pakistan"
"Not Economically Active","PAKISTAN","Male",8,"Other","q4",3.39350009350299,"Overall","Pakistan"
"Not Economically Active","PAKISTAN","Male",8,"Other","q5",7.34195314938606,"Overall","Pakistan"
"Employer","PAKISTAN","Male",10,"Other","total",0.281114048087273,"Overall","Pakistan"
"Employer","PAKISTAN","Male",10,"Other","q1",0.13979949559567,"Overall","Pakistan"
"Employer","PAKISTAN","Male",10,"Other","q2",0.104210930639474,"Overall","Pakistan"
"Employer","PAKISTAN","Male",10,"Other","q3",0.191549713373573,"Overall","Pakistan"
"Employer","PAKISTAN","Male",10,"Other","q4",0.288945641838769,"Overall","Pakistan"
"Employer","PAKISTAN","Male",10,"Other","q5",0.611989641965701,"Overall","Pakistan"
"Self Employed","PAKISTAN","Male",11,"Other","total",6.00920176040283,"Overall","Pakistan"
"Self Employed","PAKISTAN","Male",11,"Other","q1",5.18699115945286,"Overall","Pakistan"
"Self Employed","PAKISTAN","Male",11,"Other","q2",5.43675045428999,"Overall","Pakistan"
"Self Employed","PAKISTAN","Male",11,"Other","q3",6.55689734972906,"Overall","Pakistan"
"Self Employed","PAKISTAN","Male",11,"Other","q4",6.59861141473976,"Overall","Pakistan"
"Self Employed","PAKISTAN","Male",11,"Other","q5",6.06750291001243,"Overall","Pakistan"
"Contributing Family Worker","PAKISTAN","Male",12,"Other","total",9.03842099097839,"Overall","Pakistan"
"Contributing Family Worker","PAKISTAN","Male",12,"Other","q1",8.57199769886842,"Overall","Pakistan"
"Contributing Family Worker","PAKISTAN","Male",12,"Other","q2",8.65823440520738,"Overall","Pakistan"
"Contributing Family Worker","PAKISTAN","Male",12,"Other","q3",8.96043943352172,"Overall","Pakistan"
"Contributing Family Worker","PAKISTAN","Male",12,"Other","q4",10.1339627884436,"Overall","Pakistan"
"Contributing Family Worker","PAKISTAN","Male",12,"Other","q5",8.74744968495901,"Overall","Pakistan"
"Employee","PAKISTAN","Male",13,"Other","total",27.2900224570251,"Overall","Pakistan"
"Employee","PAKISTAN","Male",13,"Other","q1",31.971561388013,"Overall","Pakistan"
"Employee","PAKISTAN","Male",13,"Other","q2",30.0498759188569,"Overall","Pakistan"
"Employee","PAKISTAN","Male",13,"Other","q3",29.0087233380537,"Overall","Pakistan"
"Employee","PAKISTAN","Male",13,"Other","q4",26.3353642797504,"Overall","Pakistan"
"Employee","PAKISTAN","Male",13,"Other","q5",20.7088551127203,"Overall","Pakistan"
"Not Economically Active","PAKISTAN","Male",14,"Other","total",0.468734021196809,"Overall","Pakistan"
"Not Economically Active","PAKISTAN","Male",14,"Other","q1",0.208205788409518,"Overall","Pakistan"
"Not Economically Active","PAKISTAN","Male",14,"Other","q2",0.15111474513971,"Overall","Pakistan"
"Not Economically Active","PAKISTAN","Male",14,"Other","q3",0.493586997649586,"Overall","Pakistan"
"Not Economically Active","PAKISTAN","Male",14,"Other","q4",0.400622453360445,"Overall","Pakistan"
"Not Economically Active","PAKISTAN","Male",14,"Other","q5",0.977736040810667,"Overall","Pakistan"
"Employer","PAKISTAN","Female",4,"Head","total",NA,"Overall","Pakistan"
"Employer","PAKISTAN","Female",4,"Head","q1",NA,"Overall","Pakistan"
"Employer","PAKISTAN","Female",4,"Head","q2",NA,"Overall","Pakistan"
"Employer","PAKISTAN","Female",4,"Head","q3",NA,"Overall","Pakistan"
"Employer","PAKISTAN","Female",4,"Head","q4",NA,"Overall","Pakistan"
"Employer","PAKISTAN","Female",4,"Head","q5",NA,"Overall","Pakistan"
"Self Employed","PAKISTAN","Female",5,"Head","total",1.61930669488106,"Overall","Pakistan"
"Self Employed","PAKISTAN","Female",5,"Head","q1",0.841468141994608,"Overall","Pakistan"
"Self Employed","PAKISTAN","Female",5,"Head","q2",1.18247838356328,"Overall","Pakistan"
"Self Employed","PAKISTAN","Female",5,"Head","q3",1.39323279740362,"Overall","Pakistan"
"Self Employed","PAKISTAN","Female",5,"Head","q4",2.10240205213422,"Overall","Pakistan"
"Self Employed","PAKISTAN","Female",5,"Head","q5",3.10562760097391,"Overall","Pakistan"
"Contributing Family Worker","PAKISTAN","Female",6,"Head","total",0.712689540543617,"Overall","Pakistan"
"Contributing Family Worker","PAKISTAN","Female",6,"Head","q1",0.385020613581219,"Overall","Pakistan"
"Contributing Family Worker","PAKISTAN","Female",6,"Head","q2",0.55283865481951,"Overall","Pakistan"
"Contributing Family Worker","PAKISTAN","Female",6,"Head","q3",1.06358284296675,"Overall","Pakistan"
"Contributing Family Worker","PAKISTAN","Female",6,"Head","q4",1.14262487764288,"Overall","Pakistan"
"Contributing Family Worker","PAKISTAN","Female",6,"Head","q5",0.569223216906731,"Overall","Pakistan"
"Employee","PAKISTAN","Female",7,"Head","total",3.70162390747184,"Overall","Pakistan"
"Employee","PAKISTAN","Female",7,"Head","q1",3.33765520927782,"Overall","Pakistan"
"Employee","PAKISTAN","Female",7,"Head","q2",2.70359141828672,"Overall","Pakistan"
"Employee","PAKISTAN","Female",7,"Head","q3",3.63775587936838,"Overall","Pakistan"
"Employee","PAKISTAN","Female",7,"Head","q4",4.23896829049832,"Overall","Pakistan"
"Employee","PAKISTAN","Female",7,"Head","q5",5.04633135739489,"Overall","Pakistan"
"Not Economically Active","PAKISTAN","Female",8,"Other","total",1.16590082031436,"Overall","Pakistan"
"Not Economically Active","PAKISTAN","Female",8,"Other","q1",0.183578491194086,"Overall","Pakistan"
"Not Economically Active","PAKISTAN","Female",8,"Other","q2",0.193906576979362,"Overall","Pakistan"
"Not Economically Active","PAKISTAN","Female",8,"Other","q3",0.659767038741595,"Overall","Pakistan"
"Not Economically Active","PAKISTAN","Female",8,"Other","q4",1.77136005668483,"Overall","Pakistan"
"Not Economically Active","PAKISTAN","Female",8,"Other","q5",3.83564763993353,"Overall","Pakistan"
"Employer","PAKISTAN","Female",10,"Other","total",0.183634939050825,"Overall","Pakistan"
"Employer","PAKISTAN","Female",10,"Other","q1",0.0301224445620014,"Overall","Pakistan"
"Employer","PAKISTAN","Female",10,"Other","q2",0.0078091848275929,"Overall","Pakistan"
"Employer","PAKISTAN","Female",10,"Other","q3",0.0627032014925159,"Overall","Pakistan"
"Employer","PAKISTAN","Female",10,"Other","q4",0.523021891578854,"Overall","Pakistan"
"Employer","PAKISTAN","Female",10,"Other","q5",0.432313624107929,"Overall","Pakistan"
"Self Employed","PAKISTAN","Female",11,"Other","total",7.03121731415537,"Overall","Pakistan"
"Self Employed","PAKISTAN","Female",11,"Other","q1",4.65691336332141,"Overall","Pakistan"
"Self Employed","PAKISTAN","Female",11,"Other","q2",6.25251095948098,"Overall","Pakistan"
"Self Employed","PAKISTAN","Female",11,"Other","q3",8.32669769367205,"Overall","Pakistan"
"Self Employed","PAKISTAN","Female",11,"Other","q4",8.8397997277465,"Overall","Pakistan"
"Self Employed","PAKISTAN","Female",11,"Other","q5",8.25281158033139,"Overall","Pakistan"
"Contributing Family Worker","PAKISTAN","Female",12,"Other","total",30.1317114876397,"Overall","Pakistan"
"Contributing Family Worker","PAKISTAN","Female",12,"Other","q1",30.7520064143413,"Overall","Pakistan"
"Contributing Family Worker","PAKISTAN","Female",12,"Other","q2",35.561317428842,"Overall","Pakistan"
"Contributing Family Worker","PAKISTAN","Female",12,"Other","q3",33.1584950081784,"Overall","Pakistan"
"Contributing Family Worker","PAKISTAN","Female",12,"Other","q4",31.2738063836475,"Overall","Pakistan"
"Contributing Family Worker","PAKISTAN","Female",12,"Other","q5",17.6752751142763,"Overall","Pakistan"
"Employee","PAKISTAN","Female",13,"Other","total",53.0741529879267,"Overall","Pakistan"
"Employee","PAKISTAN","Female",13,"Other","q1",59.3758662618681,"Overall","Pakistan"
"Employee","PAKISTAN","Female",13,"Other","q2",52.7330694775429,"Overall","Pakistan"
"Employee","PAKISTAN","Female",13,"Other","q3",49.8809537498311,"Overall","Pakistan"
"Employee","PAKISTAN","Female",13,"Other","q4",47.4452893987878,"Overall","Pakistan"
"Employee","PAKISTAN","Female",13,"Other","q5",53.4549320755741,"Overall","Pakistan"
"Not Economically Active","PAKISTAN","Female",14,"Other","total",2.3797623080166,"Overall","Pakistan"
"Not Economically Active","PAKISTAN","Female",14,"Other","q1",0.437313839979414,"Overall","Pakistan"
"Not Economically Active","PAKISTAN","Female",14,"Other","q2",0.812510185016368,"Overall","Pakistan"
"Not Economically Active","PAKISTAN","Female",14,"Other","q3",1.81677585527886,"Overall","Pakistan"
"Not Economically Active","PAKISTAN","Female",14,"Other","q4",2.66272732127911,"Overall","Pakistan"
"Not Economically Active","PAKISTAN","Female",14,"Other","q5",7.62792001848485,"Overall","Pakistan"
"Employer","PAKISTAN URBAN","Both Sexes",4,"Head","total",1.22651279159872,"Urban","Pakistan"
"Employer","PAKISTAN URBAN","Both Sexes",4,"Head","q1",0.190329605236006,"Urban","Pakistan"
"Employer","PAKISTAN URBAN","Both Sexes",4,"Head","q2",0.373787640398776,"Urban","Pakistan"
"Employer","PAKISTAN URBAN","Both Sexes",4,"Head","q3",0.407556912221436,"Urban","Pakistan"
"Employer","PAKISTAN URBAN","Both Sexes",4,"Head","q4",1.25181969014076,"Urban","Pakistan"
"Employer","PAKISTAN URBAN","Both Sexes",4,"Head","q5",2.36714684655231,"Urban","Pakistan"
"Self Employed","PAKISTAN URBAN","Both Sexes",5,"Head","total",12.0682516379888,"Urban","Pakistan"
"Self Employed","PAKISTAN URBAN","Both Sexes",5,"Head","q1",7.36459043933608,"Urban","Pakistan"
"Self Employed","PAKISTAN URBAN","Both Sexes",5,"Head","q2",9.21965215038836,"Urban","Pakistan"
"Self Employed","PAKISTAN URBAN","Both Sexes",5,"Head","q3",11.191183296283,"Urban","Pakistan"
"Self Employed","PAKISTAN URBAN","Both Sexes",5,"Head","q4",12.6848085555062,"Urban","Pakistan"
"Self Employed","PAKISTAN URBAN","Both Sexes",5,"Head","q5",14.7250032704297,"Urban","Pakistan"
"Contributing Family Worker","PAKISTAN URBAN","Both Sexes",6,"Head","total",0.0831182902396342,"Urban","Pakistan"
"Contributing Family Worker","PAKISTAN URBAN","Both Sexes",6,"Head","q1",0,"Urban","Pakistan"
"Contributing Family Worker","PAKISTAN URBAN","Both Sexes",6,"Head","q2",0.0933579186927043,"Urban","Pakistan"
"Contributing Family Worker","PAKISTAN URBAN","Both Sexes",6,"Head","q3",0.109341849495435,"Urban","Pakistan"
"Contributing Family Worker","PAKISTAN URBAN","Both Sexes",6,"Head","q4",0.114187022451938,"Urban","Pakistan"
"Contributing Family Worker","PAKISTAN URBAN","Both Sexes",6,"Head","q5",0.0628315609679074,"Urban","Pakistan"
"Employee","PAKISTAN URBAN","Both Sexes",7,"Head","total",32.6357947665805,"Urban","Pakistan"
"Employee","PAKISTAN URBAN","Both Sexes",7,"Head","q1",35.8198779527591,"Urban","Pakistan"
"Employee","PAKISTAN URBAN","Both Sexes",7,"Head","q2",34.2013673826322,"Urban","Pakistan"
"Employee","PAKISTAN URBAN","Both Sexes",7,"Head","q3",33.0081792405508,"Urban","Pakistan"
"Employee","PAKISTAN URBAN","Both Sexes",7,"Head","q4",32.0601442494613,"Urban","Pakistan"
"Employee","PAKISTAN URBAN","Both Sexes",7,"Head","q5",31.2500750724681,"Urban","Pakistan"
"Not Economically Active","PAKISTAN URBAN","Both Sexes",8,"Other","total",3.71285236906844,"Urban","Pakistan"
"Not Economically Active","PAKISTAN URBAN","Both Sexes",8,"Other","q1",0.608010837134666,"Urban","Pakistan"
"Not Economically Active","PAKISTAN URBAN","Both Sexes",8,"Other","q2",0.805906181699095,"Urban","Pakistan"
"Not Economically Active","PAKISTAN URBAN","Both Sexes",8,"Other","q3",1.54283498637957,"Urban","Pakistan"
"Not Economically Active","PAKISTAN URBAN","Both Sexes",8,"Other","q4",3.45324559774598,"Urban","Pakistan"
"Not Economically Active","PAKISTAN URBAN","Both Sexes",8,"Other","q5",7.36579390418111,"Urban","Pakistan"
"Employer","PAKISTAN URBAN","Both Sexes",10,"Other","total",0.397039861791197,"Urban","Pakistan"
"Employer","PAKISTAN URBAN","Both Sexes",10,"Other","q1",0.0920088270209775,"Urban","Pakistan"
"Employer","PAKISTAN URBAN","Both Sexes",10,"Other","q2",0.0518760575145531,"Urban","Pakistan"
"Employer","PAKISTAN URBAN","Both Sexes",10,"Other","q3",0.211648938642012,"Urban","Pakistan"
"Employer","PAKISTAN URBAN","Both Sexes",10,"Other","q4",0.39151998288027,"Urban","Pakistan"
"Employer","PAKISTAN URBAN","Both Sexes",10,"Other","q5",0.752395385014203,"Urban","Pakistan"
"Self Employed","PAKISTAN URBAN","Both Sexes",11,"Other","total",5.58297088128187,"Urban","Pakistan"
"Self Employed","PAKISTAN URBAN","Both Sexes",11,"Other","q1",5.7044663528494,"Urban","Pakistan"
"Self Employed","PAKISTAN URBAN","Both Sexes",11,"Other","q2",5.28129590473411,"Urban","Pakistan"
"Self Employed","PAKISTAN URBAN","Both Sexes",11,"Other","q3",5.76236873421886,"Urban","Pakistan"
"Self Employed","PAKISTAN URBAN","Both Sexes",11,"Other","q4",6.1609384735503,"Urban","Pakistan"
"Self Employed","PAKISTAN URBAN","Both Sexes",11,"Other","q5",5.16532431633824,"Urban","Pakistan"
"Contributing Family Worker","PAKISTAN URBAN","Both Sexes",12,"Other","total",6.62944184200398,"Urban","Pakistan"
"Contributing Family Worker","PAKISTAN URBAN","Both Sexes",12,"Other","q1",5.60428435825664,"Urban","Pakistan"
"Contributing Family Worker","PAKISTAN URBAN","Both Sexes",12,"Other","q2",6.99493816877042,"Urban","Pakistan"
"Contributing Family Worker","PAKISTAN URBAN","Both Sexes",12,"Other","q3",6.79851730027571,"Urban","Pakistan"
"Contributing Family Worker","PAKISTAN URBAN","Both Sexes",12,"Other","q4",7.29451519398703,"Urban","Pakistan"
"Contributing Family Worker","PAKISTAN URBAN","Both Sexes",12,"Other","q5",6.15753665338184,"Urban","Pakistan"
"Employee","PAKISTAN URBAN","Both Sexes",13,"Other","total",36.4896320454455,"Urban","Pakistan"
"Employee","PAKISTAN URBAN","Both Sexes",13,"Other","q1",44.1194463933268,"Urban","Pakistan"
"Employee","PAKISTAN URBAN","Both Sexes",13,"Other","q2",42.6204528357408,"Urban","Pakistan"
"Employee","PAKISTAN URBAN","Both Sexes",13,"Other","q3",40.0397252733225,"Urban","Pakistan"
"Employee","PAKISTAN URBAN","Both Sexes",13,"Other","q4",35.8251226886209,"Urban","Pakistan"
"Employee","PAKISTAN URBAN","Both Sexes",13,"Other","q5",29.9783747613241,"Urban","Pakistan"
"Not Economically Active","PAKISTAN URBAN","Both Sexes",14,"Other","total",1.17438551400127,"Urban","Pakistan"
"Not Economically Active","PAKISTAN URBAN","Both Sexes",14,"Other","q1",0.497066156531534,"Urban","Pakistan"
"Not Economically Active","PAKISTAN URBAN","Both Sexes",14,"Other","q2",0.3573894904708,"Urban","Pakistan"
"Not Economically Active","PAKISTAN URBAN","Both Sexes",14,"Other","q3",0.928625101090241,"Urban","Pakistan"
"Not Economically Active","PAKISTAN URBAN","Both Sexes",14,"Other","q4",0.763713679786899,"Urban","Pakistan"
"Not Economically Active","PAKISTAN URBAN","Both Sexes",14,"Other","q5",2.17552914897413,"Urban","Pakistan"
"Employer","PAKISTAN URBAN","Male",4,"Head","total",1.45598680301576,"Urban","Pakistan"
"Employer","PAKISTAN URBAN","Male",4,"Head","q1",0.238103433265236,"Urban","Pakistan"
"Employer","PAKISTAN URBAN","Male",4,"Head","q2",0.457559610422169,"Urban","Pakistan"
"Employer","PAKISTAN URBAN","Male",4,"Head","q3",0.48622565173937,"Urban","Pakistan"
"Employer","PAKISTAN URBAN","Male",4,"Head","q4",1.44978264215021,"Urban","Pakistan"
"Employer","PAKISTAN URBAN","Male",4,"Head","q5",2.77500563247583,"Urban","Pakistan"
"Self Employed","PAKISTAN URBAN","Male",5,"Head","total",14.0775264948677,"Urban","Pakistan"
"Self Employed","PAKISTAN URBAN","Male",5,"Head","q1",8.99787002711058,"Urban","Pakistan"
"Self Employed","PAKISTAN URBAN","Male",5,"Head","q2",11.1089582159852,"Urban","Pakistan"
"Self Employed","PAKISTAN URBAN","Male",5,"Head","q3",13.1741097166463,"Urban","Pakistan"
"Self Employed","PAKISTAN URBAN","Male",5,"Head","q4",14.5581208335072,"Urban","Pakistan"
"Self Employed","PAKISTAN URBAN","Male",5,"Head","q5",16.8470808413895,"Urban","Pakistan"
"Contributing Family Worker","PAKISTAN URBAN","Male",6,"Head","total",0.0880474164062338,"Urban","Pakistan"
"Contributing Family Worker","PAKISTAN URBAN","Male",6,"Head","q1",0,"Urban","Pakistan"
"Contributing Family Worker","PAKISTAN URBAN","Male",6,"Head","q2",0.114280966757718,"Urban","Pakistan"
"Contributing Family Worker","PAKISTAN URBAN","Male",6,"Head","q3",0.13044757784508,"Urban","Pakistan"
"Contributing Family Worker","PAKISTAN URBAN","Male",6,"Head","q4",0.124199477752238,"Urban","Pakistan"
"Contributing Family Worker","PAKISTAN URBAN","Male",6,"Head","q5",0.0475688186137965,"Urban","Pakistan"
"Employee","PAKISTAN URBAN","Male",7,"Head","total",37.828225576034,"Urban","Pakistan"
"Employee","PAKISTAN URBAN","Male",7,"Head","q1",43.1137288090981,"Urban","Pakistan"
"Employee","PAKISTAN URBAN","Male",7,"Head","q2",41.0679431430403,"Urban","Pakistan"
"Employee","PAKISTAN URBAN","Male",7,"Head","q3",38.6095028858212,"Urban","Pakistan"
"Employee","PAKISTAN URBAN","Male",7,"Head","q4",36.382051335083,"Urban","Pakistan"
"Employee","PAKISTAN URBAN","Male",7,"Head","q5",35.6636848680976,"Urban","Pakistan"
"Not Economically Active","PAKISTAN URBAN","Male",8,"Other","total",3.97350032354979,"Urban","Pakistan"
"Not Economically Active","PAKISTAN URBAN","Male",8,"Other","q1",0.546463576856184,"Urban","Pakistan"
"Not Economically Active","PAKISTAN URBAN","Male",8,"Other","q2",0.890833789169336,"Urban","Pakistan"
"Not Economically Active","PAKISTAN URBAN","Male",8,"Other","q3",1.74886967710664,"Urban","Pakistan"
"Not Economically Active","PAKISTAN URBAN","Male",8,"Other","q4",3.51006373329678,"Urban","Pakistan"
"Not Economically Active","PAKISTAN URBAN","Male",8,"Other","q5",7.83665564066852,"Urban","Pakistan"
"Employer","PAKISTAN URBAN","Male",10,"Other","total",0.416116600823314,"Urban","Pakistan"
"Employer","PAKISTAN URBAN","Male",10,"Other","q1",0.115103572968781,"Urban","Pakistan"
"Employer","PAKISTAN URBAN","Male",10,"Other","q2",0.0564432939527823,"Urban","Pakistan"
"Employer","PAKISTAN URBAN","Male",10,"Other","q3",0.247637842638543,"Urban","Pakistan"
"Employer","PAKISTAN URBAN","Male",10,"Other","q4",0.391808513360646,"Urban","Pakistan"
"Employer","PAKISTAN URBAN","Male",10,"Other","q5",0.766925589873833,"Urban","Pakistan"
"Self Employed","PAKISTAN URBAN","Male",11,"Other","total",4.73195498202411,"Urban","Pakistan"
"Self Employed","PAKISTAN URBAN","Male",11,"Other","q1",5.59279858595716,"Urban","Pakistan"
"Self Employed","PAKISTAN URBAN","Male",11,"Other","q2",4.31176800557054,"Urban","Pakistan"
"Self Employed","PAKISTAN URBAN","Male",11,"Other","q3",4.61849726055704,"Urban","Pakistan"
"Self Employed","PAKISTAN URBAN","Male",11,"Other","q4",5.0038227358309,"Urban","Pakistan"
"Self Employed","PAKISTAN URBAN","Male",11,"Other","q5",4.56711863018188,"Urban","Pakistan"
"Contributing Family Worker","PAKISTAN URBAN","Male",12,"Other","total",6.08138270786191,"Urban","Pakistan"
"Contributing Family Worker","PAKISTAN URBAN","Male",12,"Other","q1",3.79512778824992,"Urban","Pakistan"
"Contributing Family Worker","PAKISTAN URBAN","Male",12,"Other","q2",5.76991064065027,"Urban","Pakistan"
"Contributing Family Worker","PAKISTAN URBAN","Male",12,"Other","q3",5.49685451074051,"Urban","Pakistan"
"Contributing Family Worker","PAKISTAN URBAN","Male",12,"Other","q4",6.86558798093995,"Urban","Pakistan"
"Contributing Family Worker","PAKISTAN URBAN","Male",12,"Other","q5",6.56555945846305,"Urban","Pakistan"
"Employee","PAKISTAN URBAN","Male",13,"Other","total",30.8022077134303,"Urban","Pakistan"
"Employee","PAKISTAN URBAN","Male",13,"Other","q1",37.4014735686967,"Urban","Pakistan"
"Employee","PAKISTAN URBAN","Male",13,"Other","q2",36.1843345602899,"Urban","Pakistan"
"Employee","PAKISTAN URBAN","Male",13,"Other","q3",34.9220196081138,"Urban","Pakistan"
"Employee","PAKISTAN URBAN","Male",13,"Other","q4",31.370516523298,"Urban","Pakistan"
"Employee","PAKISTAN URBAN","Male",13,"Other","q5",23.9397760322792,"Urban","Pakistan"
"Not Economically Active","PAKISTAN URBAN","Male",14,"Other","total",0.545051381986971,"Urban","Pakistan"
"Not Economically Active","PAKISTAN URBAN","Male",14,"Other","q1",0.199280020570841,"Urban","Pakistan"
"Not Economically Active","PAKISTAN URBAN","Male",14,"Other","q2",0.0379677741617532,"Urban","Pakistan"
"Not Economically Active","PAKISTAN URBAN","Male",14,"Other","q3",0.565835268791474,"Urban","Pakistan"
"Not Economically Active","PAKISTAN URBAN","Male",14,"Other","q4",0.344046224781073,"Urban","Pakistan"
"Not Economically Active","PAKISTAN URBAN","Male",14,"Other","q5",0.990624487956743,"Urban","Pakistan"
"Employer","PAKISTAN URBAN","Female",4,"Head","total",NA,"Urban","Pakistan"
"Employer","PAKISTAN URBAN","Female",4,"Head","q1",NA,"Urban","Pakistan"
"Employer","PAKISTAN URBAN","Female",4,"Head","q2",NA,"Urban","Pakistan"
"Employer","PAKISTAN URBAN","Female",4,"Head","q3",NA,"Urban","Pakistan"
"Employer","PAKISTAN URBAN","Female",4,"Head","q4",NA,"Urban","Pakistan"
"Employer","PAKISTAN URBAN","Female",4,"Head","q5",NA,"Urban","Pakistan"
"Self Employed","PAKISTAN URBAN","Female",5,"Head","total",1.32890342778613,"Urban","Pakistan"
"Self Employed","PAKISTAN URBAN","Female",5,"Head","q1",0.857649882030289,"Urban","Pakistan"
"Self Employed","PAKISTAN URBAN","Female",5,"Head","q2",0.789633660273468,"Urban","Pakistan"
"Self Employed","PAKISTAN URBAN","Female",5,"Head","q3",0.918292514025842,"Urban","Pakistan"
"Self Employed","PAKISTAN URBAN","Female",5,"Head","q4",0.838909251720435,"Urban","Pakistan"
"Self Employed","PAKISTAN URBAN","Female",5,"Head","q5",2.40880429783823,"Urban","Pakistan"
"Contributing Family Worker","PAKISTAN URBAN","Female",6,"Head","total",0.0567726650535587,"Urban","Pakistan"
"Contributing Family Worker","PAKISTAN URBAN","Female",6,"Head","q1",0,"Urban","Pakistan"
"Contributing Family Worker","PAKISTAN URBAN","Female",6,"Head","q2",0,"Urban","Pakistan"
"Contributing Family Worker","PAKISTAN URBAN","Female",6,"Head","q3",0,"Urban","Pakistan"
"Contributing Family Worker","PAKISTAN URBAN","Female",6,"Head","q4",0.0507623777629752,"Urban","Pakistan"
"Contributing Family Worker","PAKISTAN URBAN","Female",6,"Head","q5",0.151413952223623,"Urban","Pakistan"
"Employee","PAKISTAN URBAN","Female",7,"Head","total",4.88283586740489,"Urban","Pakistan"
"Employee","PAKISTAN URBAN","Female",7,"Head","q1",6.76137853152917,"Urban","Pakistan"
"Employee","PAKISTAN URBAN","Female",7,"Head","q2",3.56294321300018,"Urban","Pakistan"
"Employee","PAKISTAN URBAN","Female",7,"Head","q3",3.9894468448382,"Urban","Pakistan"
"Employee","PAKISTAN URBAN","Female",7,"Head","q4",4.73043293214799,"Urban","Pakistan"
"Employee","PAKISTAN URBAN","Female",7,"Head","q5",5.6341146481483,"Urban","Pakistan"
"Not Economically Active","PAKISTAN URBAN","Female",8,"Other","total",2.31971835663151,"Urban","Pakistan"
"Not Economically Active","PAKISTAN URBAN","Female",8,"Other","q1",0.853011756639578,"Urban","Pakistan"
"Not Economically Active","PAKISTAN URBAN","Female",8,"Other","q2",0.426962126878005,"Urban","Pakistan"
"Not Economically Active","PAKISTAN URBAN","Female",8,"Other","q3",0.475550419242707,"Urban","Pakistan"
"Not Economically Active","PAKISTAN URBAN","Female",8,"Other","q4",3.09395584116474,"Urban","Pakistan"
"Not Economically Active","PAKISTAN URBAN","Female",8,"Other","q5",4.63291032029474,"Urban","Pakistan"
"Employer","PAKISTAN URBAN","Female",10,"Other","total",0.295076836434222,"Urban","Pakistan"
"Employer","PAKISTAN URBAN","Female",10,"Other","q1",0,"Urban","Pakistan"
"Employer","PAKISTAN URBAN","Female",10,"Other","q2",0.031367587949143,"Urban","Pakistan"
"Employer","PAKISTAN URBAN","Female",10,"Other","q3",0.0252022423184247,"Urban","Pakistan"
"Employer","PAKISTAN URBAN","Female",10,"Other","q4",0.389695458983888,"Urban","Pakistan"
"Employer","PAKISTAN URBAN","Female",10,"Other","q5",0.668063914815907,"Urban","Pakistan"
"Self Employed","PAKISTAN URBAN","Female",11,"Other","total",10.1315551843497,"Urban","Pakistan"
"Self Employed","PAKISTAN URBAN","Female",11,"Other","q1",6.14934763758092,"Urban","Pakistan"
"Self Employed","PAKISTAN URBAN","Female",11,"Other","q2",9.60716632728319,"Urban","Pakistan"
"Self Employed","PAKISTAN URBAN","Female",11,"Other","q3",11.6885048258888,"Urban","Pakistan"
"Self Employed","PAKISTAN URBAN","Female",11,"Other","q4",13.4779654704996,"Urban","Pakistan"
"Self Employed","PAKISTAN URBAN","Female",11,"Other","q5",8.63720756415962,"Urban","Pakistan"
"Contributing Family Worker","PAKISTAN URBAN","Female",12,"Other","total",9.55875629651162,"Urban","Pakistan"
"Contributing Family Worker","PAKISTAN URBAN","Female",12,"Other","q1",12.8119139325254,"Urban","Pakistan"
"Contributing Family Worker","PAKISTAN URBAN","Female",12,"Other","q2",12.4609687399951,"Urban","Pakistan"
"Contributing Family Worker","PAKISTAN URBAN","Female",12,"Other","q3",13.5421183960476,"Urban","Pakistan"
"Contributing Family Worker","PAKISTAN URBAN","Female",12,"Other","q4",10.0068385124628,"Urban","Pakistan"
"Contributing Family Worker","PAKISTAN URBAN","Female",12,"Other","q5",3.78943505062115,"Urban","Pakistan"
"Employee","PAKISTAN URBAN","Female",13,"Other","total",66.8882756713208,"Urban","Pakistan"
"Employee","PAKISTAN URBAN","Female",13,"Other","q1",70.8836637157434,"Urban","Pakistan"
"Employee","PAKISTAN URBAN","Female",13,"Other","q2",71.3381905568006,"Urban","Pakistan"
"Employee","PAKISTAN URBAN","Female",13,"Other","q3",66.5527646405729,"Urban","Pakistan"
"Employee","PAKISTAN URBAN","Female",13,"Other","q4",63.9938464471323,"Urban","Pakistan"
"Employee","PAKISTAN URBAN","Female",13,"Other","q5",65.0253830111762,"Urban","Pakistan"
"Not Economically Active","PAKISTAN URBAN","Female",14,"Other","total",4.53810569450756,"Urban","Pakistan"
"Not Economically Active","PAKISTAN URBAN","Female",14,"Other","q1",1.68343785920265,"Urban","Pakistan"
"Not Economically Active","PAKISTAN URBAN","Female",14,"Other","q2",1.78263816968828,"Urban","Pakistan"
"Not Economically Active","PAKISTAN URBAN","Female",14,"Other","q3",2.80812011706555,"Urban","Pakistan"
"Not Economically Active","PAKISTAN URBAN","Female",14,"Other","q4",3.41748287323925,"Urban","Pakistan"
"Not Economically Active","PAKISTAN URBAN","Female",14,"Other","q5",9.05259294535799,"Urban","Pakistan"
"Employer","PAKISTAN RURAL","Both Sexes",4,"Head","total",0.486230427455867,"Rural","Pakistan"
"Employer","PAKISTAN RURAL","Both Sexes",4,"Head","q1",0.256964352378134,"Rural","Pakistan"
"Employer","PAKISTAN RURAL","Both Sexes",4,"Head","q2",0.37705737162688,"Rural","Pakistan"
"Employer","PAKISTAN RURAL","Both Sexes",4,"Head","q3",0.409886488498527,"Rural","Pakistan"
"Employer","PAKISTAN RURAL","Both Sexes",4,"Head","q4",0.520137032085562,"Rural","Pakistan"
"Employer","PAKISTAN RURAL","Both Sexes",4,"Head","q5",1.14380382482674,"Rural","Pakistan"
"Self Employed","PAKISTAN RURAL","Both Sexes",5,"Head","total",17.7481279995607,"Rural","Pakistan"
"Self Employed","PAKISTAN RURAL","Both Sexes",5,"Head","q1",10.6656616296373,"Rural","Pakistan"
"Self Employed","PAKISTAN RURAL","Both Sexes",5,"Head","q2",15.9978009953027,"Rural","Pakistan"
"Self Employed","PAKISTAN RURAL","Both Sexes",5,"Head","q3",18.3896059041013,"Rural","Pakistan"
"Self Employed","PAKISTAN RURAL","Both Sexes",5,"Head","q4",21.9605199694194,"Rural","Pakistan"
"Self Employed","PAKISTAN RURAL","Both Sexes",5,"Head","q5",26.9184513408904,"Rural","Pakistan"
"Contributing Family Worker","PAKISTAN RURAL","Both Sexes",6,"Head","total",0.361921269139756,"Rural","Pakistan"
"Contributing Family Worker","PAKISTAN RURAL","Both Sexes",6,"Head","q1",0.202318402349161,"Rural","Pakistan"
"Contributing Family Worker","PAKISTAN RURAL","Both Sexes",6,"Head","q2",0.370376295164312,"Rural","Pakistan"
"Contributing Family Worker","PAKISTAN RURAL","Both Sexes",6,"Head","q3",0.458618320036936,"Rural","Pakistan"
"Contributing Family Worker","PAKISTAN RURAL","Both Sexes",6,"Head","q4",0.441346584905056,"Rural","Pakistan"
"Contributing Family Worker","PAKISTAN RURAL","Both Sexes",6,"Head","q5",0.392377364980967,"Rural","Pakistan"
"Employee","PAKISTAN RURAL","Both Sexes",7,"Head","total",24.4238410553526,"Rural","Pakistan"
"Employee","PAKISTAN RURAL","Both Sexes",7,"Head","q1",28.5106474161751,"Rural","Pakistan"
"Employee","PAKISTAN RURAL","Both Sexes",7,"Head","q2",26.0028123254255,"Rural","Pakistan"
"Employee","PAKISTAN RURAL","Both Sexes",7,"Head","q3",23.8394509286003,"Rural","Pakistan"
"Employee","PAKISTAN RURAL","Both Sexes",7,"Head","q4",21.577387504403,"Rural","Pakistan"
"Employee","PAKISTAN RURAL","Both Sexes",7,"Head","q5",19.0989274656248,"Rural","Pakistan"
"Not Economically Active","PAKISTAN RURAL","Both Sexes",8,"Other","total",2.09177731681492,"Rural","Pakistan"
"Not Economically Active","PAKISTAN RURAL","Both Sexes",8,"Other","q1",0.403958703068247,"Rural","Pakistan"
"Not Economically Active","PAKISTAN RURAL","Both Sexes",8,"Other","q2",1.14295548447894,"Rural","Pakistan"
"Not Economically Active","PAKISTAN RURAL","Both Sexes",8,"Other","q3",1.9338607153211,"Rural","Pakistan"
"Not Economically Active","PAKISTAN RURAL","Both Sexes",8,"Other","q4",2.84641278939447,"Rural","Pakistan"
"Not Economically Active","PAKISTAN RURAL","Both Sexes",8,"Other","q5",5.90098192365569,"Rural","Pakistan"
"Employer","PAKISTAN RURAL","Both Sexes",10,"Other","total",0.174847858457535,"Rural","Pakistan"
"Employer","PAKISTAN RURAL","Both Sexes",10,"Other","q1",0.114563010062395,"Rural","Pakistan"
"Employer","PAKISTAN RURAL","Both Sexes",10,"Other","q2",0.0960443949689299,"Rural","Pakistan"
"Employer","PAKISTAN RURAL","Both Sexes",10,"Other","q3",0.139205043683048,"Rural","Pakistan"
"Employer","PAKISTAN RURAL","Both Sexes",10,"Other","q4",0.275997970636268,"Rural","Pakistan"
"Employer","PAKISTAN RURAL","Both Sexes",10,"Other","q5",0.328142602161939,"Rural","Pakistan"
"Self Employed","PAKISTAN RURAL","Both Sexes",11,"Other","total",6.61877049496136,"Rural","Pakistan"
"Self Employed","PAKISTAN RURAL","Both Sexes",11,"Other","q1",4.89777437099519,"Rural","Pakistan"
"Self Employed","PAKISTAN RURAL","Both Sexes",11,"Other","q2",5.76955388497278,"Rural","Pakistan"
"Self Employed","PAKISTAN RURAL","Both Sexes",11,"Other","q3",7.59158497346089,"Rural","Pakistan"
"Self Employed","PAKISTAN RURAL","Both Sexes",11,"Other","q4",7.64797694050402,"Rural","Pakistan"
"Self Employed","PAKISTAN RURAL","Both Sexes",11,"Other","q5",8.30430769950586,"Rural","Pakistan"
"Contributing Family Worker","PAKISTAN RURAL","Both Sexes",12,"Other","total",17.5350586733681,"Rural","Pakistan"
"Contributing Family Worker","PAKISTAN RURAL","Both Sexes",12,"Other","q1",16.4983844454697,"Rural","Pakistan"
"Contributing Family Worker","PAKISTAN RURAL","Both Sexes",12,"Other","q2",18.107860594896,"Rural","Pakistan"
"Contributing Family Worker","PAKISTAN RURAL","Both Sexes",12,"Other","q3",17.8089399031493,"Rural","Pakistan"
"Contributing Family Worker","PAKISTAN RURAL","Both Sexes",12,"Other","q4",18.9667706698902,"Rural","Pakistan"
"Contributing Family Worker","PAKISTAN RURAL","Both Sexes",12,"Other","q5",16.2323502674334,"Rural","Pakistan"
"Employee","PAKISTAN RURAL","Both Sexes",13,"Other","total",29.9116127412624,"Rural","Pakistan"
"Employee","PAKISTAN RURAL","Both Sexes",13,"Other","q1",38.231044414843,"Rural","Pakistan"
"Employee","PAKISTAN RURAL","Both Sexes",13,"Other","q2",31.8610185536316,"Rural","Pakistan"
"Employee","PAKISTAN RURAL","Both Sexes",13,"Other","q3",28.7883210927741,"Rural","Pakistan"
"Employee","PAKISTAN RURAL","Both Sexes",13,"Other","q4",24.9688790867463,"Rural","Pakistan"
"Employee","PAKISTAN RURAL","Both Sexes",13,"Other","q5",19.8453126745286,"Rural","Pakistan"
"Not Economically Active","PAKISTAN RURAL","Both Sexes",14,"Other","total",0.647814455631388,"Rural","Pakistan"
"Not Economically Active","PAKISTAN RURAL","Both Sexes",14,"Other","q1",0.218683255021636,"Rural","Pakistan"
"Not Economically Active","PAKISTAN RURAL","Both Sexes",14,"Other","q2",0.274530555051077,"Rural","Pakistan"
"Not Economically Active","PAKISTAN RURAL","Both Sexes",14,"Other","q3",0.640537815095974,"Rural","Pakistan"
"Not Economically Active","PAKISTAN RURAL","Both Sexes",14,"Other","q4",0.794583960421403,"Rural","Pakistan"
"Not Economically Active","PAKISTAN RURAL","Both Sexes",14,"Other","q5",1.83536131106792,"Rural","Pakistan"
"Employer","PAKISTAN RURAL","Male",4,"Head","total",0.630670394763422,"Rural","Pakistan"
"Employer","PAKISTAN RURAL","Male",4,"Head","q1",0.358204433008297,"Rural","Pakistan"
"Employer","PAKISTAN RURAL","Male",4,"Head","q2",0.498320553473942,"Rural","Pakistan"
"Employer","PAKISTAN RURAL","Male",4,"Head","q3",0.520650785778208,"Rural","Pakistan"
"Employer","PAKISTAN RURAL","Male",4,"Head","q4",0.645297350747346,"Rural","Pakistan"
"Employer","PAKISTAN RURAL","Male",4,"Head","q5",1.39311884209888,"Rural","Pakistan"
"Self Employed","PAKISTAN RURAL","Male",5,"Head","total",22.5014112952794,"Rural","Pakistan"
"Self Employed","PAKISTAN RURAL","Male",5,"Head","q1",14.53724438816,"Rural","Pakistan"
"Self Employed","PAKISTAN RURAL","Male",5,"Head","q2",20.7205895114322,"Rural","Pakistan"
"Self Employed","PAKISTAN RURAL","Male",5,"Head","q3",22.9231401122737,"Rural","Pakistan"
"Self Employed","PAKISTAN RURAL","Male",5,"Head","q4",26.5620640328392,"Rural","Pakistan"
"Self Employed","PAKISTAN RURAL","Male",5,"Head","q5",31.9207374211369,"Rural","Pakistan"
"Contributing Family Worker","PAKISTAN RURAL","Male",6,"Head","total",0.171992368407213,"Rural","Pakistan"
"Contributing Family Worker","PAKISTAN RURAL","Male",6,"Head","q1",0.106272818659652,"Rural","Pakistan"
"Contributing Family Worker","PAKISTAN RURAL","Male",6,"Head","q2",0.252759880324581,"Rural","Pakistan"
"Contributing Family Worker","PAKISTAN RURAL","Male",6,"Head","q3",0.162032968914248,"Rural","Pakistan"
"Contributing Family Worker","PAKISTAN RURAL","Male",6,"Head","q4",0.119723662578837,"Rural","Pakistan"
"Contributing Family Worker","PAKISTAN RURAL","Male",6,"Head","q5",0.24096854546819,"Rural","Pakistan"
"Employee","PAKISTAN RURAL","Male",7,"Head","total",30.7339874061536,"Rural","Pakistan"
"Employee","PAKISTAN RURAL","Male",7,"Head","q1",38.6423949900533,"Rural","Pakistan"
"Employee","PAKISTAN RURAL","Male",7,"Head","q2",33.5875487155564,"Rural","Pakistan"
"Employee","PAKISTAN RURAL","Male",7,"Head","q3",29.3426007761955,"Rural","Pakistan"
"Employee","PAKISTAN RURAL","Male",7,"Head","q4",25.8183341232147,"Rural","Pakistan"
"Employee","PAKISTAN RURAL","Male",7,"Head","q5",22.3207423974213,"Rural","Pakistan"
"Not Economically Active","PAKISTAN RURAL","Male",8,"Other","total",2.51762472872941,"Rural","Pakistan"
"Not Economically Active","PAKISTAN RURAL","Male",8,"Other","q1",0.532624444563198,"Rural","Pakistan"
"Not Economically Active","PAKISTAN RURAL","Male",8,"Other","q2",1.47301858749621,"Rural","Pakistan"
"Not Economically Active","PAKISTAN RURAL","Male",8,"Other","q3",2.25509260173518,"Rural","Pakistan"
"Not Economically Active","PAKISTAN RURAL","Male",8,"Other","q4",3.29029799165302,"Rural","Pakistan"
"Not Economically Active","PAKISTAN RURAL","Male",8,"Other","q5",6.56650824156971,"Rural","Pakistan"
"Employer","PAKISTAN RURAL","Male",10,"Other","total",0.186803202219996,"Rural","Pakistan"
"Employer","PAKISTAN RURAL","Male",10,"Other","q1",0.14594867647993,"Rural","Pakistan"
"Employer","PAKISTAN RURAL","Male",10,"Other","q2",0.12693266240223,"Rural","Pakistan"
"Employer","PAKISTAN RURAL","Male",10,"Other","q3",0.155185104730411,"Rural","Pakistan"
"Employer","PAKISTAN RURAL","Male",10,"Other","q4",0.19788932536686,"Rural","Pakistan"
"Employer","PAKISTAN RURAL","Male",10,"Other","q5",0.369127934252046,"Rural","Pakistan"
"Self Employed","PAKISTAN RURAL","Male",11,"Other","total",6.9014680295131,"Rural","Pakistan"
"Self Employed","PAKISTAN RURAL","Male",11,"Other","q1",5.08594587345872,"Rural","Pakistan"
"Self Employed","PAKISTAN RURAL","Male",11,"Other","q2",5.97185980532018,"Rural","Pakistan"
"Self Employed","PAKISTAN RURAL","Male",11,"Other","q3",7.81365455593945,"Rural","Pakistan"
"Self Employed","PAKISTAN RURAL","Male",11,"Other","q4",8.01059154817671,"Rural","Pakistan"
"Self Employed","PAKISTAN RURAL","Male",11,"Other","q5",8.41935148580214,"Rural","Pakistan"
"Contributing Family Worker","PAKISTAN RURAL","Male",12,"Other","total",11.1041654979575,"Rural","Pakistan"
"Contributing Family Worker","PAKISTAN RURAL","Male",12,"Other","q1",9.76140794343947,"Rural","Pakistan"
"Contributing Family Worker","PAKISTAN RURAL","Male",12,"Other","q2",10.0321435618637,"Rural","Pakistan"
"Contributing Family Worker","PAKISTAN RURAL","Male",12,"Other","q3",11.2060608996758,"Rural","Pakistan"
"Contributing Family Worker","PAKISTAN RURAL","Male",12,"Other","q4",13.0276880561564,"Rural","Pakistan"
"Contributing Family Worker","PAKISTAN RURAL","Male",12,"Other","q5",12.1675771795624,"Rural","Pakistan"
"Employee","PAKISTAN RURAL","Male",13,"Other","total",24.8364602416366,"Rural","Pakistan"
"Employee","PAKISTAN RURAL","Male",13,"Other","q1",30.6195281849833,"Rural","Pakistan"
"Employee","PAKISTAN RURAL","Male",13,"Other","q2",27.1318911336167,"Rural","Pakistan"
"Employee","PAKISTAN RURAL","Male",13,"Other","q3",25.1748514034783,"Rural","Pakistan"
"Employee","PAKISTAN RURAL","Male",13,"Other","q4",21.8774004865917,"Rural","Pakistan"
"Employee","PAKISTAN RURAL","Male",13,"Other","q5",15.6443746516099,"Rural","Pakistan"
"Not Economically Active","PAKISTAN RURAL","Male",14,"Other","total",0.415419808208918,"Rural","Pakistan"
"Not Economically Active","PAKISTAN RURAL","Male",14,"Other","q1",0.210428247194206,"Rural","Pakistan"
"Not Economically Active","PAKISTAN RURAL","Male",14,"Other","q2",0.204935588513769,"Rural","Pakistan"
"Not Economically Active","PAKISTAN RURAL","Male",14,"Other","q3",0.446744998466334,"Rural","Pakistan"
"Not Economically Active","PAKISTAN RURAL","Male",14,"Other","q4",0.450713422675274,"Rural","Pakistan"
"Not Economically Active","PAKISTAN RURAL","Male",14,"Other","q5",0.9575334324042,"Rural","Pakistan"
"Employer","PAKISTAN RURAL","Female",4,"Head","total",NA,"Rural","Pakistan"
"Employer","PAKISTAN RURAL","Female",4,"Head","q1",NA,"Rural","Pakistan"
"Employer","PAKISTAN RURAL","Female",4,"Head","q2",NA,"Rural","Pakistan"
"Employer","PAKISTAN RURAL","Female",4,"Head","q3",NA,"Rural","Pakistan"
"Employer","PAKISTAN RURAL","Female",4,"Head","q4",NA,"Rural","Pakistan"
"Employer","PAKISTAN RURAL","Female",4,"Head","q5",NA,"Rural","Pakistan"
"Self Employed","PAKISTAN RURAL","Female",5,"Head","total",1.7470791778385,"Rural","Pakistan"
"Self Employed","PAKISTAN RURAL","Female",5,"Head","q1",0.838933420516297,"Rural","Pakistan"
"Self Employed","PAKISTAN RURAL","Female",5,"Head","q2",1.3126987448328,"Rural","Pakistan"
"Self Employed","PAKISTAN RURAL","Female",5,"Head","q3",1.61313132959391,"Rural","Pakistan"
"Self Employed","PAKISTAN RURAL","Female",5,"Head","q4",2.83757830748772,"Rural","Pakistan"
"Self Employed","PAKISTAN RURAL","Female",5,"Head","q5",3.96903572178178,"Rural","Pakistan"
"Contributing Family Worker","PAKISTAN RURAL","Female",6,"Head","total",1.00128177517455,"Rural","Pakistan"
"Contributing Family Worker","PAKISTAN RURAL","Female",6,"Head","q1",0.446098247820772,"Rural","Pakistan"
"Contributing Family Worker","PAKISTAN RURAL","Female",6,"Head","q2",0.736094360319307,"Rural","Pakistan"
"Contributing Family Worker","PAKISTAN RURAL","Female",6,"Head","q3",1.55614099744648,"Rural","Pakistan"
"Contributing Family Worker","PAKISTAN RURAL","Female",6,"Head","q4",1.7779362808893,"Rural","Pakistan"
"Contributing Family Worker","PAKISTAN RURAL","Female",6,"Head","q5",1.08700855393249,"Rural","Pakistan"
"Employee","PAKISTAN RURAL","Female",7,"Head","total",3.18190079012112,"Rural","Pakistan"
"Employee","PAKISTAN RURAL","Female",7,"Head","q1",2.79456799807293,"Rural","Pakistan"
"Employee","PAKISTAN RURAL","Female",7,"Head","q2",2.41877375754001,"Rural","Pakistan"
"Employee","PAKISTAN RURAL","Female",7,"Head","q3",3.47488561188637,"Rural","Pakistan"
"Employee","PAKISTAN RURAL","Female",7,"Head","q4",3.95300454399472,"Rural","Pakistan"
"Employee","PAKISTAN RURAL","Female",7,"Head","q5",4.31793159063376,"Rural","Pakistan"
"Not Economically Active","PAKISTAN RURAL","Female",8,"Other","total",0.658240789592722,"Rural","Pakistan"
"Not Economically Active","PAKISTAN RURAL","Female",8,"Other","q1",0.0773834106474327,"Rural","Pakistan"
"Not Economically Active","PAKISTAN RURAL","Female",8,"Other","q2",0.116652824437714,"Rural","Pakistan"
"Not Economically Active","PAKISTAN RURAL","Female",8,"Other","q3",0.745132820595591,"Rural","Pakistan"
"Not Economically Active","PAKISTAN RURAL","Female",8,"Other","q4",1.00172963295925,"Rural","Pakistan"
"Not Economically Active","PAKISTAN RURAL","Female",8,"Other","q5",2.84768992270898,"Rural","Pakistan"
"Employer","PAKISTAN RURAL","Female",10,"Other","total",0.134602405510112,"Rural","Pakistan"
"Employer","PAKISTAN RURAL","Female",10,"Other","q1",0.0349009098868743,"Rural","Pakistan"
"Employer","PAKISTAN RURAL","Female",10,"Other","q2",0,"Rural","Pakistan"
"Employer","PAKISTAN RURAL","Female",10,"Other","q3",0.0800703651850057,"Rural","Pakistan"
"Employer","PAKISTAN RURAL","Female",10,"Other","q4",0.600599244946208,"Rural","Pakistan"
"Employer","PAKISTAN RURAL","Female",10,"Other","q5",0.140202746243156,"Rural","Pakistan"
"Self Employed","PAKISTAN RURAL","Female",11,"Other","total",5.66712154607225,"Rural","Pakistan"
"Self Employed","PAKISTAN RURAL","Female",11,"Other","q1",4.42016344886249,"Rural","Pakistan"
"Self Employed","PAKISTAN RURAL","Female",11,"Other","q2",5.14045816417242,"Rural","Pakistan"
"Self Employed","PAKISTAN RURAL","Female",11,"Other","q3",6.76981005500829,"Rural","Pakistan"
"Self Employed","PAKISTAN RURAL","Female",11,"Other","q4",6.14103538073207,"Rural","Pakistan"
"Self Employed","PAKISTAN RURAL","Female",11,"Other","q5",7.77651148318488,"Rural","Pakistan"
"Contributing Family Worker","PAKISTAN RURAL","Female",12,"Other","total",39.1834607769591,"Rural","Pakistan"
"Contributing Family Worker","PAKISTAN RURAL","Female",12,"Other","q1",33.5979639109877,"Rural","Pakistan"
"Contributing Family Worker","PAKISTAN RURAL","Female",12,"Other","q2",43.2186469217618,"Rural","Pakistan"
"Contributing Family Worker","PAKISTAN RURAL","Female",12,"Other","q3",42.2431373703588,"Rural","Pakistan"
"Contributing Family Worker","PAKISTAN RURAL","Female",12,"Other","q4",43.6481454491048,"Rural","Pakistan"
"Contributing Family Worker","PAKISTAN RURAL","Female",12,"Other","q5",34.8807494172794,"Rural","Pakistan"
"Employee","PAKISTAN RURAL","Female",13,"Other","total",46.9961746897039,"Rural","Pakistan"
"Employee","PAKISTAN RURAL","Female",13,"Other","q1",57.5503527998943,"Rural","Pakistan"
"Employee","PAKISTAN RURAL","Female",13,"Other","q2",46.5657881112082,"Rural","Pakistan"
"Employee","PAKISTAN RURAL","Female",13,"Other","q3",42.1600702810664,"Rural","Pakistan"
"Employee","PAKISTAN RURAL","Female",13,"Other","q4",37.8164061038889,"Rural","Pakistan"
"Employee","PAKISTAN RURAL","Female",13,"Other","q5",39.1183152840325,"Rural","Pakistan"
"Not Economically Active","PAKISTAN RURAL","Female",14,"Other","total",1.43012804141391,"Rural","Pakistan"
"Not Economically Active","PAKISTAN RURAL","Female",14,"Other","q1",0.239635853311252,"Rural","Pakistan"
"Not Economically Active","PAKISTAN RURAL","Female",14,"Other","q2",0.490930081777282,"Rural","Pakistan"
"Not Economically Active","PAKISTAN RURAL","Female",14,"Other","q3",1.35762116885909,"Rural","Pakistan"
"Not Economically Active","PAKISTAN RURAL","Female",14,"Other","q4",2.22356505599703,"Rural","Pakistan"
"Not Economically Active","PAKISTAN RURAL","Female",14,"Other","q5",5.86264733716045,"Rural","Pakistan"
"Employer","PUNJAB","Both Sexes",4,"Head","total",0.788944313433458,"Overall","Punjab"
"Employer","PUNJAB","Both Sexes",4,"Head","q1",0.172282917562525,"Overall","Punjab"
"Employer","PUNJAB","Both Sexes",4,"Head","q2",0.627768885621008,"Overall","Punjab"
"Employer","PUNJAB","Both Sexes",4,"Head","q3",0.57010097863614,"Overall","Punjab"
"Employer","PUNJAB","Both Sexes",4,"Head","q4",0.720799879699603,"Overall","Punjab"
"Employer","PUNJAB","Both Sexes",4,"Head","q5",2.18438406036166,"Overall","Punjab"
"Self Employed","PUNJAB","Both Sexes",5,"Head","total",17.2290780678868,"Overall","Punjab"
"Self Employed","PUNJAB","Both Sexes",5,"Head","q1",13.4744980214953,"Overall","Punjab"
"Self Employed","PUNJAB","Both Sexes",5,"Head","q2",17.010820836784,"Overall","Punjab"
"Self Employed","PUNJAB","Both Sexes",5,"Head","q3",17.3660929834125,"Overall","Punjab"
"Self Employed","PUNJAB","Both Sexes",5,"Head","q4",20.0117351858022,"Overall","Punjab"
"Self Employed","PUNJAB","Both Sexes",5,"Head","q5",18.1079539059255,"Overall","Punjab"
"Contributing Family Worker","PUNJAB","Both Sexes",6,"Head","total",0.622300543993211,"Overall","Punjab"
"Contributing Family Worker","PUNJAB","Both Sexes",6,"Head","q1",0.127572817849067,"Overall","Punjab"
"Contributing Family Worker","PUNJAB","Both Sexes",6,"Head","q2",0.710976006820833,"Overall","Punjab"
"Contributing Family Worker","PUNJAB","Both Sexes",6,"Head","q3",0.922877242167017,"Overall","Punjab"
"Contributing Family Worker","PUNJAB","Both Sexes",6,"Head","q4",1.01701012233489,"Overall","Punjab"
"Contributing Family Worker","PUNJAB","Both Sexes",6,"Head","q5",0.0922968247253024,"Overall","Punjab"
"Employee","PUNJAB","Both Sexes",7,"Head","total",27.3040742611983,"Overall","Punjab"
"Employee","PUNJAB","Both Sexes",7,"Head","q1",31.4410032019055,"Overall","Punjab"
"Employee","PUNJAB","Both Sexes",7,"Head","q2",27.7550014715243,"Overall","Punjab"
"Employee","PUNJAB","Both Sexes",7,"Head","q3",27.7438932585728,"Overall","Punjab"
"Employee","PUNJAB","Both Sexes",7,"Head","q4",25.727419350083,"Overall","Punjab"
"Employee","PUNJAB","Both Sexes",7,"Head","q5",23.157653688962,"Overall","Punjab"
"Not Economically Active","PUNJAB","Both Sexes",8,"Other","total",4.10400593571711,"Overall","Punjab"
"Not Economically Active","PUNJAB","Both Sexes",8,"Other","q1",1.26208331842997,"Overall","Punjab"
"Not Economically Active","PUNJAB","Both Sexes",8,"Other","q2",2.35556329069987,"Overall","Punjab"
"Not Economically Active","PUNJAB","Both Sexes",8,"Other","q3",3.46691586844223,"Overall","Punjab"
"Not Economically Active","PUNJAB","Both Sexes",8,"Other","q4",5.08027397825747,"Overall","Punjab"
"Not Economically Active","PUNJAB","Both Sexes",8,"Other","q5",9.87824426443933,"Overall","Punjab"
"Employer","PUNJAB","Both Sexes",10,"Other","total",0.333405667305702,"Overall","Punjab"
"Employer","PUNJAB","Both Sexes",10,"Other","q1",0.059944652208414,"Overall","Punjab"
"Employer","PUNJAB","Both Sexes",10,"Other","q2",0.0343681587564495,"Overall","Punjab"
"Employer","PUNJAB","Both Sexes",10,"Other","q3",0.32053578381746,"Overall","Punjab"
"Employer","PUNJAB","Both Sexes",10,"Other","q4",0.672974574746941,"Overall","Punjab"
"Employer","PUNJAB","Both Sexes",10,"Other","q5",0.701036689734404,"Overall","Punjab"
"Self Employed","PUNJAB","Both Sexes",11,"Other","total",8.09845956989677,"Overall","Punjab"
"Self Employed","PUNJAB","Both Sexes",11,"Other","q1",8.72462950230704,"Overall","Punjab"
"Self Employed","PUNJAB","Both Sexes",11,"Other","q2",6.91880412496126,"Overall","Punjab"
"Self Employed","PUNJAB","Both Sexes",11,"Other","q3",9.08563715183137,"Overall","Punjab"
"Self Employed","PUNJAB","Both Sexes",11,"Other","q4",7.76421122155028,"Overall","Punjab"
"Self Employed","PUNJAB","Both Sexes",11,"Other","q5",8.20176442962658,"Overall","Punjab"
"Contributing Family Worker","PUNJAB","Both Sexes",12,"Other","total",11.84020106403,"Overall","Punjab"
"Contributing Family Worker","PUNJAB","Both Sexes",12,"Other","q1",12.086299103281,"Overall","Punjab"
"Contributing Family Worker","PUNJAB","Both Sexes",12,"Other","q2",14.367063668603,"Overall","Punjab"
"Contributing Family Worker","PUNJAB","Both Sexes",12,"Other","q3",10.7124574929263,"Overall","Punjab"
"Contributing Family Worker","PUNJAB","Both Sexes",12,"Other","q4",11.4720581687803,"Overall","Punjab"
"Contributing Family Worker","PUNJAB","Both Sexes",12,"Other","q5",9.71041774210451,"Overall","Punjab"
"Employee","PUNJAB","Both Sexes",13,"Other","total",28.3864850213747,"Overall","Punjab"
"Employee","PUNJAB","Both Sexes",13,"Other","q1",31.9858702837469,"Overall","Punjab"
"Employee","PUNJAB","Both Sexes",13,"Other","q2",29.8276507725747,"Overall","Punjab"
"Employee","PUNJAB","Both Sexes",13,"Other","q3",28.6090906731044,"Overall","Punjab"
"Employee","PUNJAB","Both Sexes",13,"Other","q4",26.1665747705299,"Overall","Punjab"
"Employee","PUNJAB","Both Sexes",13,"Other","q5",24.4691380066525,"Overall","Punjab"
"Not Economically Active","PUNJAB","Both Sexes",14,"Other","total",1.29304555516403,"Overall","Punjab"
"Not Economically Active","PUNJAB","Both Sexes",14,"Other","q1",0.665749944029579,"Overall","Punjab"
"Not Economically Active","PUNJAB","Both Sexes",14,"Other","q2",0.391982783654641,"Overall","Punjab"
"Not Economically Active","PUNJAB","Both Sexes",14,"Other","q3",1.20239856708979,"Overall","Punjab"
"Not Economically Active","PUNJAB","Both Sexes",14,"Other","q4",1.3669427482154,"Overall","Punjab"
"Not Economically Active","PUNJAB","Both Sexes",14,"Other","q5",3.49711038746813,"Overall","Punjab"
"Employer","PUNJAB","Male",4,"Head","total",0.906605280619088,"Overall","Punjab"
"Employer","PUNJAB","Male",4,"Head","q1",0.193370679176409,"Overall","Punjab"
"Employer","PUNJAB","Male",4,"Head","q2",0.714675304436875,"Overall","Punjab"
"Employer","PUNJAB","Male",4,"Head","q3",0.643832813369396,"Overall","Punjab"
"Employer","PUNJAB","Male",4,"Head","q4",0.833553263733034,"Overall","Punjab"
"Employer","PUNJAB","Male",4,"Head","q5",2.67254994885685,"Overall","Punjab"
"Self Employed","PUNJAB","Male",5,"Head","total",19.2219133855104,"Overall","Punjab"
"Self Employed","PUNJAB","Male",5,"Head","q1",14.7824115204615,"Overall","Punjab"
"Self Employed","PUNJAB","Male",5,"Head","q2",18.7106235668648,"Overall","Punjab"
"Self Employed","PUNJAB","Male",5,"Head","q3",19.1910959815709,"Overall","Punjab"
"Self Employed","PUNJAB","Male",5,"Head","q4",22.2735961450463,"Overall","Punjab"
"Self Employed","PUNJAB","Male",5,"Head","q5",21.5656925883751,"Overall","Punjab"
"Contributing Family Worker","PUNJAB","Male",6,"Head","total",0.101035577337624,"Overall","Punjab"
"Contributing Family Worker","PUNJAB","Male",6,"Head","q1",0,"Overall","Punjab"
"Contributing Family Worker","PUNJAB","Male",6,"Head","q2",0.219506222311271,"Overall","Punjab"
"Contributing Family Worker","PUNJAB","Male",6,"Head","q3",0.105243593479471,"Overall","Punjab"
"Contributing Family Worker","PUNJAB","Male",6,"Head","q4",0.116136890136411,"Overall","Punjab"
"Contributing Family Worker","PUNJAB","Male",6,"Head","q5",0,"Overall","Punjab"
"Employee","PUNJAB","Male",7,"Head","total",31.0065467470426,"Overall","Punjab"
"Employee","PUNJAB","Male",7,"Head","q1",35.1992625001394,"Overall","Punjab"
"Employee","PUNJAB","Male",7,"Head","q2",31.4113738061845,"Overall","Punjab"
"Employee","PUNJAB","Male",7,"Head","q3",31.1702794437275,"Overall","Punjab"
"Employee","PUNJAB","Male",7,"Head","q4",29.3422614846291,"Overall","Punjab"
"Employee","PUNJAB","Male",7,"Head","q5",27.0123189926747,"Overall","Punjab"
"Not Economically Active","PUNJAB","Male",8,"Other","total",4.44496812146315,"Overall","Punjab"
"Not Economically Active","PUNJAB","Male",8,"Other","q1",1.3985733243624,"Overall","Punjab"
"Not Economically Active","PUNJAB","Male",8,"Other","q2",2.68166032191278,"Overall","Punjab"
"Not Economically Active","PUNJAB","Male",8,"Other","q3",3.79175957320938,"Overall","Punjab"
"Not Economically Active","PUNJAB","Male",8,"Other","q4",5.34004649567334,"Overall","Punjab"
"Not Economically Active","PUNJAB","Male",8,"Other","q5",11.1571837363844,"Overall","Punjab"
"Employer","PUNJAB","Male",10,"Other","total",0.235912575379627,"Overall","Punjab"
"Employer","PUNJAB","Male",10,"Other","q1",0.0672819933312765,"Overall","Punjab"
"Employer","PUNJAB","Male",10,"Other","q2",0.0256016385048643,"Overall","Punjab"
"Employer","PUNJAB","Male",10,"Other","q3",0.259679039287228,"Overall","Punjab"
"Employer","PUNJAB","Male",10,"Other","q4",0.40003464330017,"Overall","Punjab"
"Employer","PUNJAB","Male",10,"Other","q5",0.543057590887118,"Overall","Punjab"
"Self Employed","PUNJAB","Male",11,"Other","total",7.81789759121844,"Overall","Punjab"
"Self Employed","PUNJAB","Male",11,"Other","q1",7.73467847756833,"Overall","Punjab"
"Self Employed","PUNJAB","Male",11,"Other","q2",6.7273870745119,"Overall","Punjab"
"Self Employed","PUNJAB","Male",11,"Other","q3",8.50473772065243,"Overall","Punjab"
"Self Employed","PUNJAB","Male",11,"Other","q4",8.17800109521929,"Overall","Punjab"
"Self Employed","PUNJAB","Male",11,"Other","q5",8.17112677327108,"Overall","Punjab"
"Contributing Family Worker","PUNJAB","Male",12,"Other","total",7.73320580470636,"Overall","Punjab"
"Contributing Family Worker","PUNJAB","Male",12,"Other","q1",6.78574216499329,"Overall","Punjab"
"Contributing Family Worker","PUNJAB","Male",12,"Other","q2",8.1372581758276,"Overall","Punjab"
"Contributing Family Worker","PUNJAB","Male",12,"Other","q3",6.55242508796195,"Overall","Punjab"
"Contributing Family Worker","PUNJAB","Male",12,"Other","q4",8.3973177356648,"Overall","Punjab"
"Contributing Family Worker","PUNJAB","Male",12,"Other","q5",9.2419512463827,"Overall","Punjab"
"Employee","PUNJAB","Male",13,"Other","total",27.999262085989,"Overall","Punjab"
"Employee","PUNJAB","Male",13,"Other","q1",33.5127519822167,"Overall","Punjab"
"Employee","PUNJAB","Male",13,"Other","q2",31.0909637347225,"Overall","Punjab"
"Employee","PUNJAB","Male",13,"Other","q3",29.2987610571734,"Overall","Punjab"
"Employee","PUNJAB","Male",13,"Other","q4",24.593469737918,"Overall","Punjab"
"Employee","PUNJAB","Male",13,"Other","q5",18.3182689778114,"Overall","Punjab"
"Not Economically Active","PUNJAB","Male",14,"Other","total",0.532652830733711,"Overall","Punjab"
"Not Economically Active","PUNJAB","Male",14,"Other","q1",0.325853013006613,"Overall","Punjab"
"Not Economically Active","PUNJAB","Male",14,"Other","q2",0.281005810458826,"Overall","Punjab"
"Not Economically Active","PUNJAB","Male",14,"Other","q3",0.482127058039936,"Overall","Punjab"
"Not Economically Active","PUNJAB","Male",14,"Other","q4",0.525582508679579,"Overall","Punjab"
"Not Economically Active","PUNJAB","Male",14,"Other","q5",1.31794511870244,"Overall","Punjab"
"Employer","PUNJAB","Female",4,"Head","total",NA,"Overall","Punjab"
"Employer","PUNJAB","Female",4,"Head","q1",NA,"Overall","Punjab"
"Employer","PUNJAB","Female",4,"Head","q2",NA,"Overall","Punjab"
"Employer","PUNJAB","Female",4,"Head","q3",NA,"Overall","Punjab"
"Employer","PUNJAB","Female",4,"Head","q4",NA,"Overall","Punjab"
"Employer","PUNJAB","Female",4,"Head","q5",NA,"Overall","Punjab"
"Self Employed","PUNJAB","Female",5,"Head","total",3.86665101110362,"Overall","Punjab"
"Self Employed","PUNJAB","Female",5,"Head","q1",2.7890987056687,"Overall","Punjab"
"Self Employed","PUNJAB","Female",5,"Head","q2",4.73228859281654,"Overall","Punjab"
"Self Employed","PUNJAB","Female",5,"Head","q3",3.25501058558456,"Overall","Punjab"
"Self Employed","PUNJAB","Female",5,"Head","q4",5.55231012023611,"Overall","Punjab"
"Self Employed","PUNJAB","Female",5,"Head","q5",2.63569449402485,"Overall","Punjab"
"Contributing Family Worker","PUNJAB","Female",6,"Head","total",4.11750410275875,"Overall","Punjab"
"Contributing Family Worker","PUNJAB","Female",6,"Head","q1",1.16981796757794,"Overall","Punjab"
"Contributing Family Worker","PUNJAB","Female",6,"Head","q2",4.26070805425789,"Overall","Punjab"
"Contributing Family Worker","PUNJAB","Female",6,"Head","q3",7.2448919454355,"Overall","Punjab"
"Contributing Family Worker","PUNJAB","Female",6,"Head","q4",6.77603299299858,"Overall","Punjab"
"Contributing Family Worker","PUNJAB","Female",6,"Head","q5",0.505295187583933,"Overall","Punjab"
"Employee","PUNJAB","Female",7,"Head","total",2.47812999760616,"Overall","Punjab"
"Employee","PUNJAB","Female",7,"Head","q1",0.73614713224531,"Overall","Punjab"
"Employee","PUNJAB","Female",7,"Head","q2",1.34358240397527,"Overall","Punjab"
"Employee","PUNJAB","Female",7,"Head","q3",1.25077635175875,"Overall","Punjab"
"Employee","PUNJAB","Female",7,"Head","q4",2.61877566679164,"Overall","Punjab"
"Employee","PUNJAB","Female",7,"Head","q5",5.90970132762167,"Overall","Punjab"
"Not Economically Active","PUNJAB","Female",8,"Other","total",1.81777470734564,"Overall","Punjab"
"Not Economically Active","PUNJAB","Female",8,"Other","q1",0.146986473600136,"Overall","Punjab"
"Not Economically Active","PUNJAB","Female",8,"Other","q2",0,"Overall","Punjab"
"Not Economically Active","PUNJAB","Female",8,"Other","q3",0.955196003318479,"Overall","Punjab"
"Not Economically Active","PUNJAB","Female",8,"Other","q4",3.41962316136401,"Overall","Punjab"
"Not Economically Active","PUNJAB","Female",8,"Other","q5",4.15540483111496,"Overall","Punjab"
"Employer","PUNJAB","Female",10,"Other","total",0.987119658563093,"Overall","Punjab"
"Employer","PUNJAB","Female",10,"Other","q1",0,"Overall","Punjab"
"Employer","PUNJAB","Female",10,"Other","q2",0.0972911256020391,"Overall","Punjab"
"Employer","PUNJAB","Female",10,"Other","q3",0.791085441761151,"Overall","Punjab"
"Employer","PUNJAB","Female",10,"Other","q4",2.41736491965368,"Overall","Punjab"
"Employer","PUNJAB","Female",10,"Other","q5",1.40794193142605,"Overall","Punjab"
"Self Employed","PUNJAB","Female",11,"Other","total",9.97969327839323,"Overall","Punjab"
"Self Employed","PUNJAB","Female",11,"Other","q1",16.8123371456685,"Overall","Punjab"
"Self Employed","PUNJAB","Female",11,"Other","q2",8.30190803174425,"Overall","Punjab"
"Self Employed","PUNJAB","Female",11,"Other","q3",13.5767488881736,"Overall","Punjab"
"Self Employed","PUNJAB","Female",11,"Other","q4",5.1189718460908,"Overall","Punjab"
"Self Employed","PUNJAB","Female",11,"Other","q5",8.33885800737756,"Overall","Punjab"
"Contributing Family Worker","PUNJAB","Female",12,"Other","total",39.3785651676465,"Overall","Punjab"
"Contributing Family Worker","PUNJAB","Female",12,"Other","q1",55.3908200266033,"Overall","Punjab"
"Contributing Family Worker","PUNJAB","Female",12,"Other","q2",59.3680901189203,"Overall","Punjab"
"Contributing Family Worker","PUNJAB","Female",12,"Other","q3",42.8781909757325,"Overall","Punjab"
"Contributing Family Worker","PUNJAB","Female",12,"Other","q4",31.1279873747722,"Overall","Punjab"
"Contributing Family Worker","PUNJAB","Female",12,"Other","q5",11.8070783823754,"Overall","Punjab"
"Employee","PUNJAB","Female",13,"Other","total",30.9829053994399,"Overall","Punjab"
"Employee","PUNJAB","Female",13,"Other","q1",19.5109359151123,"Overall","Punjab"
"Employee","PUNJAB","Female",13,"Other","q2",20.7025062515579,"Overall","Punjab"
"Employee","PUNJAB","Female",13,"Other","q3",23.2764990955785,"Overall","Punjab"
"Employee","PUNJAB","Female",13,"Other","q4",36.2229817509656,"Overall","Punjab"
"Employee","PUNJAB","Female",13,"Other","q5",51.9927074302616,"Overall","Punjab"
"Not Economically Active","PUNJAB","Female",14,"Other","total",6.39165667714315,"Overall","Punjab"
"Not Economically Active","PUNJAB","Female",14,"Other","q1",3.44324925140153,"Overall","Punjab"
"Not Economically Active","PUNJAB","Female",14,"Other","q2",1.19362542112584,"Overall","Punjab"
"Not Economically Active","PUNJAB","Female",14,"Other","q3",6.77160071265692,"Overall","Punjab"
"Not Economically Active","PUNJAB","Female",14,"Other","q4",6.74551621312919,"Overall","Punjab"
"Not Economically Active","PUNJAB","Female",14,"Other","q5",13.2481683580669,"Overall","Punjab"
"Employer","PUNJAB URBAN","Both Sexes",4,"Head","total",1.81211109424799,"Urban","Punjab"
"Employer","PUNJAB URBAN","Both Sexes",4,"Head","q1",0.44962607962924,"Urban","Punjab"
"Employer","PUNJAB URBAN","Both Sexes",4,"Head","q2",0.390318083893043,"Urban","Punjab"
"Employer","PUNJAB URBAN","Both Sexes",4,"Head","q3",0.230787812314342,"Urban","Punjab"
"Employer","PUNJAB URBAN","Both Sexes",4,"Head","q4",1.88668731376552,"Urban","Punjab"
"Employer","PUNJAB URBAN","Both Sexes",4,"Head","q5",4.23584987767022,"Urban","Punjab"
"Self Employed","PUNJAB URBAN","Both Sexes",5,"Head","total",14.9843402916707,"Urban","Punjab"
"Self Employed","PUNJAB URBAN","Both Sexes",5,"Head","q1",14.6803244154203,"Urban","Punjab"
"Self Employed","PUNJAB URBAN","Both Sexes",5,"Head","q2",14.0535631309931,"Urban","Punjab"
"Self Employed","PUNJAB URBAN","Both Sexes",5,"Head","q3",16.6699309921591,"Urban","Punjab"
"Self Employed","PUNJAB URBAN","Both Sexes",5,"Head","q4",15.7668754839164,"Urban","Punjab"
"Self Employed","PUNJAB URBAN","Both Sexes",5,"Head","q5",13.7355065806651,"Urban","Punjab"
"Contributing Family Worker","PUNJAB URBAN","Both Sexes",6,"Head","total",0.119137957201396,"Urban","Punjab"
"Contributing Family Worker","PUNJAB URBAN","Both Sexes",6,"Head","q1",0,"Urban","Punjab"
"Contributing Family Worker","PUNJAB URBAN","Both Sexes",6,"Head","q2",0,"Urban","Punjab"
"Contributing Family Worker","PUNJAB URBAN","Both Sexes",6,"Head","q3",0,"Urban","Punjab"
"Contributing Family Worker","PUNJAB URBAN","Both Sexes",6,"Head","q4",0.392118908519275,"Urban","Punjab"
"Contributing Family Worker","PUNJAB URBAN","Both Sexes",6,"Head","q5",0.0945275556286203,"Urban","Punjab"
"Employee","PUNJAB URBAN","Both Sexes",7,"Head","total",26.2676085486831,"Urban","Punjab"
"Employee","PUNJAB URBAN","Both Sexes",7,"Head","q1",31.3046397724879,"Urban","Punjab"
"Employee","PUNJAB URBAN","Both Sexes",7,"Head","q2",30.155873780256,"Urban","Punjab"
"Employee","PUNJAB URBAN","Both Sexes",7,"Head","q3",24.5222659641838,"Urban","Punjab"
"Employee","PUNJAB URBAN","Both Sexes",7,"Head","q4",26.6247859036625,"Urban","Punjab"
"Employee","PUNJAB URBAN","Both Sexes",7,"Head","q5",23.1909214865244,"Urban","Punjab"
"Not Economically Active","PUNJAB URBAN","Both Sexes",8,"Other","total",5.64039238951972,"Urban","Punjab"
"Not Economically Active","PUNJAB URBAN","Both Sexes",8,"Other","q1",1.61746892774384,"Urban","Punjab"
"Not Economically Active","PUNJAB URBAN","Both Sexes",8,"Other","q2",2.29459722046213,"Urban","Punjab"
"Not Economically Active","PUNJAB URBAN","Both Sexes",8,"Other","q3",2.77598239875695,"Urban","Punjab"
"Not Economically Active","PUNJAB URBAN","Both Sexes",8,"Other","q4",5.41517092513081,"Urban","Punjab"
"Not Economically Active","PUNJAB URBAN","Both Sexes",8,"Other","q5",11.3399220570743,"Urban","Punjab"
"Employer","PUNJAB URBAN","Both Sexes",10,"Other","total",0.549883414506271,"Urban","Punjab"
"Employer","PUNJAB URBAN","Both Sexes",10,"Other","q1",0,"Urban","Punjab"
"Employer","PUNJAB URBAN","Both Sexes",10,"Other","q2",0.296962784606936,"Urban","Punjab"
"Employer","PUNJAB URBAN","Both Sexes",10,"Other","q3",0.988111326556594,"Urban","Punjab"
"Employer","PUNJAB URBAN","Both Sexes",10,"Other","q4",0.0651087492081368,"Urban","Punjab"
"Employer","PUNJAB URBAN","Both Sexes",10,"Other","q5",0.97186898625845,"Urban","Punjab"
"Self Employed","PUNJAB URBAN","Both Sexes",11,"Other","total",7.29680321196485,"Urban","Punjab"
"Self Employed","PUNJAB URBAN","Both Sexes",11,"Other","q1",8.2933958289446,"Urban","Punjab"
"Self Employed","PUNJAB URBAN","Both Sexes",11,"Other","q2",7.97870992269674,"Urban","Punjab"
"Self Employed","PUNJAB URBAN","Both Sexes",11,"Other","q3",8.73859934321771,"Urban","Punjab"
"Self Employed","PUNJAB URBAN","Both Sexes",11,"Other","q4",7.04406278595059,"Urban","Punjab"
"Self Employed","PUNJAB URBAN","Both Sexes",11,"Other","q5",5.68108191743465,"Urban","Punjab"
"Contributing Family Worker","PUNJAB URBAN","Both Sexes",12,"Other","total",8.63450102788394,"Urban","Punjab"
"Contributing Family Worker","PUNJAB URBAN","Both Sexes",12,"Other","q1",7.73514851485149,"Urban","Punjab"
"Contributing Family Worker","PUNJAB URBAN","Both Sexes",12,"Other","q2",9.27427871414692,"Urban","Punjab"
"Contributing Family Worker","PUNJAB URBAN","Both Sexes",12,"Other","q3",7.71392757114597,"Urban","Punjab"
"Contributing Family Worker","PUNJAB URBAN","Both Sexes",12,"Other","q4",8.89145022406795,"Urban","Punjab"
"Contributing Family Worker","PUNJAB URBAN","Both Sexes",12,"Other","q5",9.06860137899023,"Urban","Punjab"
"Employee","PUNJAB URBAN","Both Sexes",13,"Other","total",32.5334924598849,"Urban","Punjab"
"Employee","PUNJAB URBAN","Both Sexes",13,"Other","q1",35.1755055824731,"Urban","Punjab"
"Employee","PUNJAB URBAN","Both Sexes",13,"Other","q2",34.5913065517678,"Urban","Punjab"
"Employee","PUNJAB URBAN","Both Sexes",13,"Other","q3",36.3391242467569,"Urban","Punjab"
"Employee","PUNJAB URBAN","Both Sexes",13,"Other","q4",31.951678749912,"Urban","Punjab"
"Employee","PUNJAB URBAN","Both Sexes",13,"Other","q5",28.0466400410022,"Urban","Punjab"
"Not Economically Active","PUNJAB URBAN","Both Sexes",14,"Other","total",2.1616606189379,"Urban","Punjab"
"Not Economically Active","PUNJAB URBAN","Both Sexes",14,"Other","q1",0.744549188961449,"Urban","Punjab"
"Not Economically Active","PUNJAB URBAN","Both Sexes",14,"Other","q2",0.964812233346006,"Urban","Punjab"
"Not Economically Active","PUNJAB URBAN","Both Sexes",14,"Other","q3",2.02159677745787,"Urban","Punjab"
"Not Economically Active","PUNJAB URBAN","Both Sexes",14,"Other","q4",1.96206095586683,"Urban","Punjab"
"Not Economically Active","PUNJAB URBAN","Both Sexes",14,"Other","q5",3.63532187720605,"Urban","Punjab"
"Employer","PUNJAB URBAN","Male",4,"Head","total",2.07834871444305,"Urban","Punjab"
"Employer","PUNJAB URBAN","Male",4,"Head","q1",0.471971916634419,"Urban","Punjab"
"Employer","PUNJAB URBAN","Male",4,"Head","q2",0.423882377227791,"Urban","Punjab"
"Employer","PUNJAB URBAN","Male",4,"Head","q3",0.262142150010567,"Urban","Punjab"
"Employer","PUNJAB URBAN","Male",4,"Head","q4",2.13713120118534,"Urban","Punjab"
"Employer","PUNJAB URBAN","Male",4,"Head","q5",5.30169844377404,"Urban","Punjab"
"Self Employed","PUNJAB URBAN","Male",5,"Head","total",17.0105262491613,"Urban","Punjab"
"Self Employed","PUNJAB URBAN","Male",5,"Head","q1",15.4099176294986,"Urban","Punjab"
"Self Employed","PUNJAB URBAN","Male",5,"Head","q2",15.0767254627612,"Urban","Punjab"
"Self Employed","PUNJAB URBAN","Male",5,"Head","q3",18.9346720998439,"Urban","Punjab"
"Self Employed","PUNJAB URBAN","Male",5,"Head","q4",17.4063406320699,"Urban","Punjab"
"Self Employed","PUNJAB URBAN","Male",5,"Head","q5",17.0558492370166,"Urban","Punjab"
"Contributing Family Worker","PUNJAB URBAN","Male",6,"Head","total",0.0694681807248744,"Urban","Punjab"
"Contributing Family Worker","PUNJAB URBAN","Male",6,"Head","q1",0,"Urban","Punjab"
"Contributing Family Worker","PUNJAB URBAN","Male",6,"Head","q2",0,"Urban","Punjab"
"Contributing Family Worker","PUNJAB URBAN","Male",6,"Head","q3",0,"Urban","Punjab"
"Contributing Family Worker","PUNJAB URBAN","Male",6,"Head","q4",0.291683692622529,"Urban","Punjab"
"Contributing Family Worker","PUNJAB URBAN","Male",6,"Head","q5",0,"Urban","Punjab"
"Employee","PUNJAB URBAN","Male",7,"Head","total",29.5038800906409,"Urban","Punjab"
"Employee","PUNJAB URBAN","Male",7,"Head","q1",32.8604400464371,"Urban","Punjab"
"Employee","PUNJAB URBAN","Male",7,"Head","q2",32.5389361653325,"Urban","Punjab"
"Employee","PUNJAB URBAN","Male",7,"Head","q3",27.5423524569801,"Urban","Punjab"
"Employee","PUNJAB URBAN","Male",7,"Head","q4",29.6029048772304,"Urban","Punjab"
"Employee","PUNJAB URBAN","Male",7,"Head","q5",27.543353738059,"Urban","Punjab"
"Not Economically Active","PUNJAB URBAN","Male",8,"Other","total",5.88509424885749,"Urban","Punjab"
"Not Economically Active","PUNJAB URBAN","Male",8,"Other","q1",1.52993531980762,"Urban","Punjab"
"Not Economically Active","PUNJAB URBAN","Male",8,"Other","q2",2.49191458127853,"Urban","Punjab"
"Not Economically Active","PUNJAB URBAN","Male",8,"Other","q3",2.82127244615333,"Urban","Punjab"
"Not Economically Active","PUNJAB URBAN","Male",8,"Other","q4",5.71706681815615,"Urban","Punjab"
"Not Economically Active","PUNJAB URBAN","Male",8,"Other","q5",12.6837106139876,"Urban","Punjab"
"Employer","PUNJAB URBAN","Male",10,"Other","total",0.434769536541213,"Urban","Punjab"
"Employer","PUNJAB URBAN","Male",10,"Other","q1",0,"Urban","Punjab"
"Employer","PUNJAB URBAN","Male",10,"Other","q2",0.211023694290892,"Urban","Punjab"
"Employer","PUNJAB URBAN","Male",10,"Other","q3",1.039669856619,"Urban","Punjab"
"Employer","PUNJAB URBAN","Male",10,"Other","q4",0,"Urban","Punjab"
"Employer","PUNJAB URBAN","Male",10,"Other","q5",0.674778125085104,"Urban","Punjab"
"Self Employed","PUNJAB URBAN","Male",11,"Other","total",6.74110364209487,"Urban","Punjab"
"Self Employed","PUNJAB URBAN","Male",11,"Other","q1",8.24810658411189,"Urban","Punjab"
"Self Employed","PUNJAB URBAN","Male",11,"Other","q2",6.90506227492717,"Urban","Punjab"
"Self Employed","PUNJAB URBAN","Male",11,"Other","q3",7.65366090596624,"Urban","Punjab"
"Self Employed","PUNJAB URBAN","Male",11,"Other","q4",6.76852340944351,"Urban","Punjab"
"Self Employed","PUNJAB URBAN","Male",11,"Other","q5",5.20305374925487,"Urban","Punjab"
"Contributing Family Worker","PUNJAB URBAN","Male",12,"Other","total",9.14717126834023,"Urban","Punjab"
"Contributing Family Worker","PUNJAB URBAN","Male",12,"Other","q1",8.11957543258334,"Urban","Punjab"
"Contributing Family Worker","PUNJAB URBAN","Male",12,"Other","q2",8.28726747253251,"Urban","Punjab"
"Contributing Family Worker","PUNJAB URBAN","Male",12,"Other","q3",7.62140296105687,"Urban","Punjab"
"Contributing Family Worker","PUNJAB URBAN","Male",12,"Other","q4",9.48769314078223,"Urban","Punjab"
"Contributing Family Worker","PUNJAB URBAN","Male",12,"Other","q5",11.0993436799313,"Urban","Punjab"
"Employee","PUNJAB URBAN","Male",13,"Other","total",28.2815407694353,"Urban","Punjab"
"Employee","PUNJAB URBAN","Male",13,"Other","q1",33.2066449223285,"Urban","Punjab"
"Employee","PUNJAB URBAN","Male",13,"Other","q2",33.8729729109801,"Urban","Punjab"
"Employee","PUNJAB URBAN","Male",13,"Other","q3",33.4996903978851,"Urban","Punjab"
"Employee","PUNJAB URBAN","Male",13,"Other","q4",27.7275581291049,"Urban","Punjab"
"Employee","PUNJAB URBAN","Male",13,"Other","q5",18.6828815144079,"Urban","Punjab"
"Not Economically Active","PUNJAB URBAN","Male",14,"Other","total",0.848255541630271,"Urban","Punjab"
"Not Economically Active","PUNJAB URBAN","Male",14,"Other","q1",0.153408148598596,"Urban","Punjab"
"Not Economically Active","PUNJAB URBAN","Male",14,"Other","q2",0.192673807830814,"Urban","Punjab"
"Not Economically Active","PUNJAB URBAN","Male",14,"Other","q3",0.625136725484889,"Urban","Punjab"
"Not Economically Active","PUNJAB URBAN","Male",14,"Other","q4",0.861098099405005,"Urban","Punjab"
"Not Economically Active","PUNJAB URBAN","Male",14,"Other","q5",1.75533089848372,"Urban","Punjab"
"Employer","PUNJAB URBAN","Female",4,"Head","total",NA,"Urban","Punjab"
"Employer","PUNJAB URBAN","Female",4,"Head","q1",NA,"Urban","Punjab"
"Employer","PUNJAB URBAN","Female",4,"Head","q2",NA,"Urban","Punjab"
"Employer","PUNJAB URBAN","Female",4,"Head","q3",NA,"Urban","Punjab"
"Employer","PUNJAB URBAN","Female",4,"Head","q4",NA,"Urban","Punjab"
"Employer","PUNJAB URBAN","Female",4,"Head","q5",NA,"Urban","Punjab"
"Self Employed","PUNJAB URBAN","Female",5,"Head","total",1.19391250026926,"Urban","Punjab"
"Self Employed","PUNJAB URBAN","Female",5,"Head","q1",0,"Urban","Punjab"
"Self Employed","PUNJAB URBAN","Female",5,"Head","q2",2.14990664177114,"Urban","Punjab"
"Self Employed","PUNJAB URBAN","Female",5,"Head","q3",0,"Urban","Punjab"
"Self Employed","PUNJAB URBAN","Female",5,"Head","q4",3.41617238531421,"Urban","Punjab"
"Self Employed","PUNJAB URBAN","Female",5,"Head","q5",0.538739973784528,"Urban","Punjab"
"Contributing Family Worker","PUNJAB URBAN","Female",6,"Head","total",0.45720871119919,"Urban","Punjab"
"Contributing Family Worker","PUNJAB URBAN","Female",6,"Head","q1",0,"Urban","Punjab"
"Contributing Family Worker","PUNJAB URBAN","Female",6,"Head","q2",0,"Urban","Punjab"
"Contributing Family Worker","PUNJAB URBAN","Female",6,"Head","q3",0,"Urban","Punjab"
"Contributing Family Worker","PUNJAB URBAN","Female",6,"Head","q4",1.14623219961459,"Urban","Punjab"
"Contributing Family Worker","PUNJAB URBAN","Female",6,"Head","q5",0.470194932477122,"Urban","Punjab"
"Employee","PUNJAB URBAN","Female",7,"Head","total",4.24035499644573,"Urban","Punjab"
"Employee","PUNJAB URBAN","Female",7,"Head","q1",0,"Urban","Punjab"
"Employee","PUNJAB URBAN","Female",7,"Head","q2",2.44331821819152,"Urban","Punjab"
"Employee","PUNJAB URBAN","Female",7,"Head","q3",2.29251385060451,"Urban","Punjab"
"Employee","PUNJAB URBAN","Female",7,"Head","q4",4.1920064068874,"Urban","Punjab"
"Employee","PUNJAB URBAN","Female",7,"Head","q5",5.89367100785262,"Urban","Punjab"
"Not Economically Active","PUNJAB URBAN","Female",8,"Other","total",3.97486159877647,"Urban","Punjab"
"Not Economically Active","PUNJAB URBAN","Female",8,"Other","q1",3.36484983314794,"Urban","Punjab"
"Not Economically Active","PUNJAB URBAN","Female",8,"Other","q2",0,"Urban","Punjab"
"Not Economically Active","PUNJAB URBAN","Female",8,"Other","q3",2.442618924156,"Urban","Punjab"
"Not Economically Active","PUNJAB URBAN","Female",8,"Other","q4",3.14087644217534,"Urban","Punjab"
"Not Economically Active","PUNJAB URBAN","Female",8,"Other","q5",5.99829238669024,"Urban","Punjab"
"Employer","PUNJAB URBAN","Female",10,"Other","total",1.3333907761239,"Urban","Punjab"
"Employer","PUNJAB URBAN","Female",10,"Other","q1",0,"Urban","Punjab"
"Employer","PUNJAB URBAN","Female",10,"Other","q2",1.29101093624967,"Urban","Punjab"
"Employer","PUNJAB URBAN","Female",10,"Other","q3",0.605878660516907,"Urban","Punjab"
"Employer","PUNJAB URBAN","Female",10,"Other","q4",0.555597267062092,"Urban","Punjab"
"Employer","PUNJAB URBAN","Female",10,"Other","q5",2.15255480596943,"Urban","Punjab"
"Self Employed","PUNJAB URBAN","Female",11,"Other","total",11.0796372487775,"Urban","Punjab"
"Self Employed","PUNJAB URBAN","Female",11,"Other","q1",9.20467185761958,"Urban","Punjab"
"Self Employed","PUNJAB URBAN","Female",11,"Other","q2",20.4641237663377,"Urban","Punjab"
"Self Employed","PUNJAB URBAN","Female",11,"Other","q3",16.724434376791,"Urban","Punjab"
"Self Employed","PUNJAB URBAN","Female",11,"Other","q4",9.11980378907325,"Urban","Punjab"
"Self Employed","PUNJAB URBAN","Female",11,"Other","q5",7.57963851509795,"Urban","Punjab"
"Contributing Family Worker","PUNJAB URBAN","Female",12,"Other","total",5.14507894793529,"Urban","Punjab"
"Contributing Family Worker","PUNJAB URBAN","Female",12,"Other","q1",0,"Urban","Punjab"
"Contributing Family Worker","PUNJAB URBAN","Female",12,"Other","q2",20.7522005868231,"Urban","Punjab"
"Contributing Family Worker","PUNJAB URBAN","Female",12,"Other","q3",8.39496738626129,"Urban","Punjab"
"Contributing Family Worker","PUNJAB URBAN","Female",12,"Other","q4",4.39972970943765,"Urban","Punjab"
"Contributing Family Worker","PUNJAB URBAN","Female",12,"Other","q5",0.998112005002586,"Urban","Punjab"
"Employee","PUNJAB URBAN","Female",13,"Other","total",61.474376925231,"Urban","Punjab"
"Employee","PUNJAB URBAN","Female",13,"Other","q1",74.7914349276975,"Urban","Punjab"
"Employee","PUNJAB URBAN","Female",13,"Other","q2",42.9501200320085,"Urban","Punjab"
"Employee","PUNJAB URBAN","Female",13,"Other","q3",57.2391583199149,"Urban","Punjab"
"Employee","PUNJAB URBAN","Female",13,"Other","q4",63.7735565733163,"Urban","Punjab"
"Employee","PUNJAB URBAN","Female",13,"Other","q5",65.2596895029883,"Urban","Punjab"
"Not Economically Active","PUNJAB URBAN","Female",14,"Other","total",11.1011782952416,"Urban","Punjab"
"Not Economically Active","PUNJAB URBAN","Female",14,"Other","q1",12.639043381535,"Urban","Punjab"
"Not Economically Active","PUNJAB URBAN","Female",14,"Other","q2",9.94398506268338,"Urban","Punjab"
"Not Economically Active","PUNJAB URBAN","Female",14,"Other","q3",12.3004284817554,"Urban","Punjab"
"Not Economically Active","PUNJAB URBAN","Female",14,"Other","q4",10.2560252271192,"Urban","Punjab"
"Not Economically Active","PUNJAB URBAN","Female",14,"Other","q5",11.1079043255529,"Urban","Punjab"
"Employer","PUNJAB RURAL","Both Sexes",4,"Head","total",0.577554921524796,"Rural","Punjab"
"Employer","PUNJAB RURAL","Both Sexes",4,"Head","q1",0.14132937994036,"Rural","Punjab"
"Employer","PUNJAB RURAL","Both Sexes",4,"Head","q2",0.658846242304154,"Rural","Punjab"
"Employer","PUNJAB RURAL","Both Sexes",4,"Head","q3",0.634272703925403,"Rural","Punjab"
"Employer","PUNJAB RURAL","Both Sexes",4,"Head","q4",0.427373454277314,"Rural","Punjab"
"Employer","PUNJAB RURAL","Both Sexes",4,"Head","q5",1.21415643054703,"Rural","Punjab"
"Self Employed","PUNJAB RURAL","Both Sexes",5,"Head","total",17.6928647878647,"Rural","Punjab"
"Self Employed","PUNJAB RURAL","Both Sexes",5,"Head","q1",13.339608092672,"Rural","Punjab"
"Self Employed","PUNJAB RURAL","Both Sexes",5,"Head","q2",17.3979194678367,"Rural","Punjab"
"Self Employed","PUNJAB RURAL","Both Sexes",5,"Head","q3",17.4977528200873,"Rural","Punjab"
"Self Employed","PUNJAB RURAL","Both Sexes",5,"Head","q4",21.0800664606318,"Rural","Punjab"
"Self Employed","PUNJAB RURAL","Both Sexes",5,"Head","q5",20.1758748866623,"Rural","Punjab"
"Contributing Family Worker","PUNJAB RURAL","Both Sexes",6,"Head","total",0.726248232022,"Rural","Punjab"
"Contributing Family Worker","PUNJAB RURAL","Both Sexes",6,"Head","q1",0.141844911810909,"Rural","Punjab"
"Contributing Family Worker","PUNJAB RURAL","Both Sexes",6,"Head","q2",0.804027935036445,"Rural","Punjab"
"Contributing Family Worker","PUNJAB RURAL","Both Sexes",6,"Head","q3",1.09741401450048,"Rural","Punjab"
"Contributing Family Worker","PUNJAB RURAL","Both Sexes",6,"Head","q4",1.17428053265938,"Rural","Punjab"
"Contributing Family Worker","PUNJAB RURAL","Both Sexes",6,"Head","q5",0.0912418148202776,"Rural","Punjab"
"Employee","PUNJAB RURAL","Both Sexes",7,"Head","total",27.5182256919862,"Rural","Punjab"
"Employee","PUNJAB RURAL","Both Sexes",7,"Head","q1",31.4562817926663,"Rural","Punjab"
"Employee","PUNJAB RURAL","Both Sexes",7,"Head","q2",27.4407773689052,"Rural","Punjab"
"Employee","PUNJAB RURAL","Both Sexes",7,"Head","q3",28.3531751911338,"Rural","Punjab"
"Employee","PUNJAB RURAL","Both Sexes",7,"Head","q4",25.501573310048,"Rural","Punjab"
"Employee","PUNJAB RURAL","Both Sexes",7,"Head","q5",23.142034235118,"Rural","Punjab"
"Not Economically Active","PUNJAB RURAL","Both Sexes",8,"Other","total",3.78657663727627,"Rural","Punjab"
"Not Economically Active","PUNJAB RURAL","Both Sexes",8,"Other","q1",1.22239971248051,"Rural","Punjab"
"Not Economically Active","PUNJAB RURAL","Both Sexes",8,"Other","q2",2.36354247753167,"Rural","Punjab"
"Not Economically Active","PUNJAB RURAL","Both Sexes",8,"Other","q3",3.59758687449377,"Rural","Punjab"
"Not Economically Active","PUNJAB RURAL","Both Sexes",8,"Other","q4",4.99606211160869,"Rural","Punjab"
"Not Economically Active","PUNJAB RURAL","Both Sexes",8,"Other","q5",9.18695310650938,"Rural","Punjab"
"Employer","PUNJAB RURAL","Both Sexes",10,"Other","total",0.288663432150054,"Rural","Punjab"
"Employer","PUNJAB RURAL","Both Sexes",10,"Other","q1",0.0666509061209099,"Rural","Punjab"
"Employer","PUNJAB RURAL","Both Sexes",10,"Other","q2",0,"Rural","Punjab"
"Employer","PUNJAB RURAL","Both Sexes",10,"Other","q3",0.194282285307888,"Rural","Punjab"
"Employer","PUNJAB RURAL","Both Sexes",10,"Other","q4",0.825886283231239,"Rural","Punjab"
"Employer","PUNJAB RURAL","Both Sexes",10,"Other","q5",0.572948288301267,"Rural","Punjab"
"Self Employed","PUNJAB RURAL","Both Sexes",11,"Other","total",8.26409539747737,"Rural","Punjab"
"Self Employed","PUNJAB RURAL","Both Sexes",11,"Other","q1",8.77287948853347,"Rural","Punjab"
"Self Employed","PUNJAB RURAL","Both Sexes",11,"Other","q2",6.78013985209822,"Rural","Punjab"
"Self Employed","PUNJAB RURAL","Both Sexes",11,"Other","q3",9.1512080444102,"Rural","Punjab"
"Self Employed","PUNJAB RURAL","Both Sexes",11,"Other","q4",7.94545563250902,"Rural","Punjab"
"Self Employed","PUNJAB RURAL","Both Sexes",11,"Other","q5",9.39390509250525,"Rural","Punjab"
"Contributing Family Worker","PUNJAB RURAL","Both Sexes",12,"Other","total",12.5025674254748,"Rural","Punjab"
"Contributing Family Worker","PUNJAB RURAL","Both Sexes",12,"Other","q1",12.5730858485765,"Rural","Punjab"
"Contributing Family Worker","PUNJAB RURAL","Both Sexes",12,"Other","q2",15.0336029828038,"Rural","Punjab"
"Contributing Family Worker","PUNJAB RURAL","Both Sexes",12,"Other","q3",11.279546711709,"Rural","Punjab"
"Contributing Family Worker","PUNJAB RURAL","Both Sexes",12,"Other","q4",12.1215364481649,"Rural","Punjab"
"Contributing Family Worker","PUNJAB RURAL","Both Sexes",12,"Other","q5",10.0139606836962,"Rural","Punjab"
"Employee","PUNJAB RURAL","Both Sexes",13,"Other","total",27.5296285532206,"Rural","Punjab"
"Employee","PUNJAB RURAL","Both Sexes",13,"Other","q1",31.6290586167102,"Rural","Punjab"
"Employee","PUNJAB RURAL","Both Sexes",13,"Other","q2",29.2041876017267,"Rural","Punjab"
"Employee","PUNJAB RURAL","Both Sexes",13,"Other","q3",27.1471680594243,"Rural","Punjab"
"Employee","PUNJAB RURAL","Both Sexes",13,"Other","q4",24.7106002641006,"Rural","Punjab"
"Employee","PUNJAB RURAL","Both Sexes",13,"Other","q5",22.7771813139507,"Rural","Punjab"
"Not Economically Active","PUNJAB RURAL","Both Sexes",14,"Other","total",1.11357492100312,"Rural","Punjab"
"Not Economically Active","PUNJAB RURAL","Both Sexes",14,"Other","q1",0.657008545308991,"Rural","Punjab"
"Not Economically Active","PUNJAB RURAL","Both Sexes",14,"Other","q2",0.317011358007218,"Rural","Punjab"
"Not Economically Active","PUNJAB RURAL","Both Sexes",14,"Other","q3",1.04746982358403,"Rural","Punjab"
"Not Economically Active","PUNJAB RURAL","Both Sexes",14,"Other","q4",1.21723931511005,"Rural","Punjab"
"Not Economically Active","PUNJAB RURAL","Both Sexes",14,"Other","q5",3.43162980977568,"Rural","Punjab"
"Employer","PUNJAB RURAL","Male",4,"Head","total",0.663954916609098,"Rural","Punjab"
"Employer","PUNJAB RURAL","Male",4,"Head","q1",0.159867107863229,"Rural","Punjab"
"Employer","PUNJAB RURAL","Male",4,"Head","q2",0.754825735142753,"Rural","Punjab"
"Employer","PUNJAB RURAL","Male",4,"Head","q3",0.715526379202516,"Rural","Punjab"
"Employer","PUNJAB RURAL","Male",4,"Head","q4",0.496841324841551,"Rural","Punjab"
"Employer","PUNJAB RURAL","Male",4,"Head","q5",1.46986357495626,"Rural","Punjab"
"Self Employed","PUNJAB RURAL","Male",5,"Head","total",19.6798891791734,"Rural","Punjab"
"Self Employed","PUNJAB RURAL","Male",5,"Head","q1",14.706774233321,"Rural","Punjab"
"Self Employed","PUNJAB RURAL","Male",5,"Head","q2",19.2123640164051,"Rural","Punjab"
"Self Employed","PUNJAB RURAL","Male",5,"Head","q3",19.2393301324775,"Rural","Punjab"
"Self Employed","PUNJAB RURAL","Male",5,"Head","q4",23.5307998716279,"Rural","Punjab"
"Self Employed","PUNJAB RURAL","Male",5,"Head","q5",23.6285518127256,"Rural","Punjab"
"Contributing Family Worker","PUNJAB RURAL","Male",6,"Head","total",0.107556763885047,"Rural","Punjab"
"Contributing Family Worker","PUNJAB RURAL","Male",6,"Head","q1",0,"Rural","Punjab"
"Contributing Family Worker","PUNJAB RURAL","Male",6,"Head","q2",0.249813938021567,"Rural","Punjab"
"Contributing Family Worker","PUNJAB RURAL","Male",6,"Head","q3",0.125011665433961,"Rural","Punjab"
"Contributing Family Worker","PUNJAB RURAL","Male",6,"Head","q4",0.0707934530214646,"Rural","Punjab"
"Contributing Family Worker","PUNJAB RURAL","Male",6,"Head","q5",0,"Rural","Punjab"
"Employee","PUNJAB RURAL","Male",7,"Head","total",31.317747324845,"Rural","Punjab"
"Employee","PUNJAB RURAL","Male",7,"Head","q1",35.4813341197562,"Rural","Punjab"
"Employee","PUNJAB RURAL","Male",7,"Head","q2",31.2556887460214,"Rural","Punjab"
"Employee","PUNJAB RURAL","Male",7,"Head","q3",31.8517187536999,"Rural","Punjab"
"Employee","PUNJAB RURAL","Male",7,"Head","q4",29.2749377446665,"Rural","Punjab"
"Employee","PUNJAB RURAL","Male",7,"Head","q5",26.7694007042721,"Rural","Punjab"
"Not Economically Active","PUNJAB RURAL","Male",8,"Other","total",4.14671961701665,"Rural","Punjab"
"Not Economically Active","PUNJAB RURAL","Male",8,"Other","q1",1.38273801788112,"Rural","Punjab"
"Not Economically Active","PUNJAB RURAL","Male",8,"Other","q2",2.70785894126776,"Rural","Punjab"
"Not Economically Active","PUNJAB RURAL","Male",8,"Other","q3",3.97404771754467,"Rural","Punjab"
"Not Economically Active","PUNJAB RURAL","Male",8,"Other","q4",5.24266279490836,"Rural","Punjab"
"Not Economically Active","PUNJAB RURAL","Male",8,"Other","q5",10.4588842380351,"Rural","Punjab"
"Employer","PUNJAB RURAL","Male",10,"Other","total",0.194729521939351,"Rural","Punjab"
"Employer","PUNJAB RURAL","Male",10,"Other","q1",0.0753932947452956,"Rural","Punjab"
"Employer","PUNJAB RURAL","Male",10,"Other","q2",0,"Rural","Punjab"
"Employer","PUNJAB RURAL","Male",10,"Other","q3",0.113102476136353,"Rural","Punjab"
"Employer","PUNJAB RURAL","Male",10,"Other","q4",0.503362903544135,"Rural","Punjab"
"Employer","PUNJAB RURAL","Male",10,"Other","q5",0.482802914535025,"Rural","Punjab"
"Self Employed","PUNJAB RURAL","Male",11,"Other","total",8.04091679524102,"Rural","Punjab"
"Self Employed","PUNJAB RURAL","Male",11,"Other","q1",7.67270479484693,"Rural","Punjab"
"Self Employed","PUNJAB RURAL","Male",11,"Other","q2",6.70285506167757,"Rural","Punjab"
"Self Employed","PUNJAB RURAL","Male",11,"Other","q3",8.66459683563787,"Rural","Punjab"
"Self Employed","PUNJAB RURAL","Male",11,"Other","q4",8.54198094669296,"Rural","Punjab"
"Self Employed","PUNJAB RURAL","Male",11,"Other","q5",9.52871348526122,"Rural","Punjab"
"Contributing Family Worker","PUNJAB RURAL","Male",12,"Other","total",7.44039153021618,"Rural","Punjab"
"Contributing Family Worker","PUNJAB RURAL","Male",12,"Other","q1",6.62494626665733,"Rural","Punjab"
"Contributing Family Worker","PUNJAB RURAL","Male",12,"Other","q2",8.11654605627781,"Rural","Punjab"
"Contributing Family Worker","PUNJAB RURAL","Male",12,"Other","q3",6.35163726977308,"Rural","Punjab"
"Contributing Family Worker","PUNJAB RURAL","Male",12,"Other","q4",8.11567564413461,"Rural","Punjab"
"Contributing Family Worker","PUNJAB RURAL","Male",12,"Other","q5",8.3922995149824,"Rural","Punjab"
"Employee","PUNJAB RURAL","Male",13,"Other","total",27.9408024875041,"Rural","Punjab"
"Employee","PUNJAB RURAL","Male",13,"Other","q1",33.5497662391325,"Rural","Punjab"
"Employee","PUNJAB RURAL","Male",13,"Other","q2",30.7068454973001,"Rural","Punjab"
"Employee","PUNJAB RURAL","Male",13,"Other","q3",28.5096938015107,"Rural","Punjab"
"Employee","PUNJAB RURAL","Male",13,"Other","q4",23.7838542873373,"Rural","Punjab"
"Employee","PUNJAB RURAL","Male",13,"Other","q5",18.1514794144354,"Rural","Punjab"
"Not Economically Active","PUNJAB RURAL","Male",14,"Other","total",0.467291863570046,"Rural","Punjab"
"Not Economically Active","PUNJAB RURAL","Male",14,"Other","q1",0.346642540812348,"Rural","Punjab"
"Not Economically Active","PUNJAB RURAL","Male",14,"Other","q2",0.293202007885861,"Rural","Punjab"
"Not Economically Active","PUNJAB RURAL","Male",14,"Other","q3",0.455265324201562,"Rural","Punjab"
"Not Economically Active","PUNJAB RURAL","Male",14,"Other","q4",0.43891940873308,"Rural","Punjab"
"Not Economically Active","PUNJAB RURAL","Male",14,"Other","q5",1.11786592253006,"Rural","Punjab"
"Employer","PUNJAB RURAL","Female",4,"Head","total",NA,"Rural","Punjab"
"Employer","PUNJAB RURAL","Female",4,"Head","q1",NA,"Rural","Punjab"
"Employer","PUNJAB RURAL","Female",4,"Head","q2",NA,"Rural","Punjab"
"Employer","PUNJAB RURAL","Female",4,"Head","q3",NA,"Rural","Punjab"
"Employer","PUNJAB RURAL","Female",4,"Head","q4",NA,"Rural","Punjab"
"Employer","PUNJAB RURAL","Female",4,"Head","q5",NA,"Rural","Punjab"
"Self Employed","PUNJAB RURAL","Female",5,"Head","total",4.410274722085,"Rural","Punjab"
"Self Employed","PUNJAB RURAL","Female",5,"Head","q1",2.91649994601426,"Rural","Punjab"
"Self Employed","PUNJAB RURAL","Female",5,"Head","q2",4.94275912745171,"Rural","Punjab"
"Self Employed","PUNJAB RURAL","Female",5,"Head","q3",3.90340433397484,"Rural","Punjab"
"Self Employed","PUNJAB RURAL","Female",5,"Head","q4",6.00290352382209,"Rural","Punjab"
"Self Employed","PUNJAB RURAL","Female",5,"Head","q5",3.78176942642506,"Rural","Punjab"
"Contributing Family Worker","PUNJAB RURAL","Female",6,"Head","total",4.86199270723001,"Rural","Punjab"
"Contributing Family Worker","PUNJAB RURAL","Female",6,"Head","q1",1.22325324390755,"Rural","Punjab"
"Contributing Family Worker","PUNJAB RURAL","Female",6,"Head","q2",4.60796632941003,"Rural","Punjab"
"Contributing Family Worker","PUNJAB RURAL","Female",6,"Head","q3",8.6880647160518,"Rural","Punjab"
"Contributing Family Worker","PUNJAB RURAL","Female",6,"Head","q4",7.96304606044609,"Rural","Punjab"
"Contributing Family Worker","PUNJAB RURAL","Female",6,"Head","q5",0.524478971548002,"Rural","Punjab"
"Employee","PUNJAB RURAL","Female",7,"Head","total",2.11959135076164,"Rural","Punjab"
"Employee","PUNJAB RURAL","Female",7,"Head","q1",0.769773069374845,"Rural","Punjab"
"Employee","PUNJAB RURAL","Female",7,"Head","q2",1.25351641136904,"Rural","Punjab"
"Employee","PUNJAB RURAL","Female",7,"Head","q3",1.04326363745094,"Rural","Punjab"
"Employee","PUNJAB RURAL","Female",7,"Head","q4",2.28692094496503,"Rural","Punjab"
"Employee","PUNJAB RURAL","Female",7,"Head","q5",5.91846257993704,"Rural","Punjab"
"Not Economically Active","PUNJAB RURAL","Female",8,"Other","total",1.37914188917575,"Rural","Punjab"
"Not Economically Active","PUNJAB RURAL","Female",8,"Other","q1",0,"Rural","Punjab"
"Not Economically Active","PUNJAB RURAL","Female",8,"Other","q2",0,"Rural","Punjab"
"Not Economically Active","PUNJAB RURAL","Female",8,"Other","q3",0.658903349969012,"Rural","Punjab"
"Not Economically Active","PUNJAB RURAL","Female",8,"Other","q4",3.47842153886763,"Rural","Punjab"
"Not Economically Active","PUNJAB RURAL","Female",8,"Other","q5",3.14753107110699,"Rural","Punjab"
"Employer","PUNJAB RURAL","Female",10,"Other","total",0.916689577516625,"Rural","Punjab"
"Employer","PUNJAB RURAL","Female",10,"Other","q1",0,"Rural","Punjab"
"Employer","PUNJAB RURAL","Female",10,"Other","q2",0,"Rural","Punjab"
"Employer","PUNJAB RURAL","Female",10,"Other","q3",0.827978384490763,"Rural","Punjab"
"Employer","PUNJAB RURAL","Female",10,"Other","q4",2.810083146364,"Rural","Punjab"
"Employer","PUNJAB RURAL","Female",10,"Other","q5",1.00097929031028,"Rural","Punjab"
"Self Employed","PUNJAB RURAL","Female",11,"Other","total",9.75607886005834,"Rural","Punjab"
"Self Employed","PUNJAB RURAL","Female",11,"Other","q1",17.1598422346283,"Rural","Punjab"
"Self Employed","PUNJAB RURAL","Female",11,"Other","q2",7.31065728087377,"Rural","Punjab"
"Self Employed","PUNJAB RURAL","Female",11,"Other","q3",12.9497341553316,"Rural","Punjab"
"Self Employed","PUNJAB RURAL","Female",11,"Other","q4",4.27504289296555,"Rural","Punjab"
"Self Employed","PUNJAB RURAL","Female",11,"Other","q5",8.75380378702736,"Rural","Punjab"
"Contributing Family Worker","PUNJAB RURAL","Female",12,"Other","total",46.3415115027071,"Rural","Punjab"
"Contributing Family Worker","PUNJAB RURAL","Female",12,"Other","q1",57.920977586393,"Rural","Punjab"
"Contributing Family Worker","PUNJAB RURAL","Female",12,"Other","q2",62.515380902897,"Rural","Punjab"
"Contributing Family Worker","PUNJAB RURAL","Female",12,"Other","q3",49.7472029226604,"Rural","Punjab"
"Contributing Family Worker","PUNJAB RURAL","Female",12,"Other","q4",36.7660023756104,"Rural","Punjab"
"Contributing Family Worker","PUNJAB RURAL","Female",12,"Other","q5",17.7139815052152,"Rural","Punjab"
"Employee","PUNJAB RURAL","Female",13,"Other","total",24.7810690293869,"Rural","Punjab"
"Employee","PUNJAB RURAL","Female",13,"Other","q1",16.9858176298357,"Rural","Punjab"
"Employee","PUNJAB RURAL","Female",13,"Other","q2",18.8892705430165,"Rural","Punjab"
"Employee","PUNJAB RURAL","Female",13,"Other","q3",16.5111828728621,"Rural","Punjab"
"Employee","PUNJAB RURAL","Female",13,"Other","q4",30.4115085126039,"Rural","Punjab"
"Employee","PUNJAB RURAL","Female",13,"Other","q5",44.7410795854119,"Rural","Punjab"
"Not Economically Active","PUNJAB RURAL","Female",14,"Other","total",5.43375989502267,"Rural","Punjab"
"Not Economically Active","PUNJAB RURAL","Female",14,"Other","q1",3.02320116355137,"Rural","Punjab"
"Not Economically Active","PUNJAB RURAL","Female",14,"Other","q2",0.480449404981891,"Rural","Punjab"
"Not Economically Active","PUNJAB RURAL","Female",14,"Other","q3",5.67026562720858,"Rural","Punjab"
"Not Economically Active","PUNJAB RURAL","Female",14,"Other","q4",6.00554309093309,"Rural","Punjab"
"Not Economically Active","PUNJAB RURAL","Female",14,"Other","q5",14.4179137830182,"Rural","Punjab"
"Employer","SINDH","Both Sexes",4,"Head","total",0.835953896289606,"Overall","Sindh"
"Employer","SINDH","Both Sexes",4,"Head","q1",0.452314139702728,"Overall","Sindh"
"Employer","SINDH","Both Sexes",4,"Head","q2",0.302558218661004,"Overall","Sindh"
"Employer","SINDH","Both Sexes",4,"Head","q3",0.373616296773511,"Overall","Sindh"
"Employer","SINDH","Both Sexes",4,"Head","q4",0.7680602389946,"Overall","Sindh"
"Employer","SINDH","Both Sexes",4,"Head","q5",1.96309722693456,"Overall","Sindh"
"Self Employed","SINDH","Both Sexes",5,"Head","total",18.2655634763523,"Overall","Sindh"
"Self Employed","SINDH","Both Sexes",5,"Head","q1",10.6559946417039,"Overall","Sindh"
"Self Employed","SINDH","Both Sexes",5,"Head","q2",15.5462767819061,"Overall","Sindh"
"Self Employed","SINDH","Both Sexes",5,"Head","q3",17.8050066241128,"Overall","Sindh"
"Self Employed","SINDH","Both Sexes",5,"Head","q4",20.3433132797841,"Overall","Sindh"
"Self Employed","SINDH","Both Sexes",5,"Head","q5",23.7808892208427,"Overall","Sindh"
"Contributing Family Worker","SINDH","Both Sexes",6,"Head","total",0.269522702894851,"Overall","Sindh"
"Contributing Family Worker","SINDH","Both Sexes",6,"Head","q1",0.205909926761637,"Overall","Sindh"
"Contributing Family Worker","SINDH","Both Sexes",6,"Head","q2",0.3051187334358,"Overall","Sindh"
"Contributing Family Worker","SINDH","Both Sexes",6,"Head","q3",0.316082228258959,"Overall","Sindh"
"Contributing Family Worker","SINDH","Both Sexes",6,"Head","q4",0.241525120368573,"Overall","Sindh"
"Contributing Family Worker","SINDH","Both Sexes",6,"Head","q5",0.269247790559305,"Overall","Sindh"
"Employee","SINDH","Both Sexes",7,"Head","total",24.5580139596546,"Overall","Sindh"
"Employee","SINDH","Both Sexes",7,"Head","q1",28.8846127150139,"Overall","Sindh"
"Employee","SINDH","Both Sexes",7,"Head","q2",26.6394565585707,"Overall","Sindh"
"Employee","SINDH","Both Sexes",7,"Head","q3",24.1335292332851,"Overall","Sindh"
"Employee","SINDH","Both Sexes",7,"Head","q4",22.5176922553917,"Overall","Sindh"
"Employee","SINDH","Both Sexes",7,"Head","q5",22.4276818967907,"Overall","Sindh"
"Not Economically Active","SINDH","Both Sexes",8,"Other","total",2.49464524225913,"Overall","Sindh"
"Not Economically Active","SINDH","Both Sexes",8,"Other","q1",0.263228853170469,"Overall","Sindh"
"Not Economically Active","SINDH","Both Sexes",8,"Other","q2",0.684339321087857,"Overall","Sindh"
"Not Economically Active","SINDH","Both Sexes",8,"Other","q3",1.42537695173377,"Overall","Sindh"
"Not Economically Active","SINDH","Both Sexes",8,"Other","q4",2.83307975597138,"Overall","Sindh"
"Not Economically Active","SINDH","Both Sexes",8,"Other","q5",5.95649868309327,"Overall","Sindh"
"Employer","SINDH","Both Sexes",10,"Other","total",0.3173808308172,"Overall","Sindh"
"Employer","SINDH","Both Sexes",10,"Other","q1",0.172996324487816,"Overall","Sindh"
"Employer","SINDH","Both Sexes",10,"Other","q2",0.1098238184929,"Overall","Sindh"
"Employer","SINDH","Both Sexes",10,"Other","q3",0.15139983585033,"Overall","Sindh"
"Employer","SINDH","Both Sexes",10,"Other","q4",0.327639362110724,"Overall","Sindh"
"Employer","SINDH","Both Sexes",10,"Other","q5",0.706240228931985,"Overall","Sindh"
"Self Employed","SINDH","Both Sexes",11,"Other","total",7.30039437171938,"Overall","Sindh"
"Self Employed","SINDH","Both Sexes",11,"Other","q1",5.83332027238005,"Overall","Sindh"
"Self Employed","SINDH","Both Sexes",11,"Other","q2",6.29984045488102,"Overall","Sindh"
"Self Employed","SINDH","Both Sexes",11,"Other","q3",7.91426097903333,"Overall","Sindh"
"Self Employed","SINDH","Both Sexes",11,"Other","q4",8.27659174014707,"Overall","Sindh"
"Self Employed","SINDH","Both Sexes",11,"Other","q5",7.56336941319493,"Overall","Sindh"
"Contributing Family Worker","SINDH","Both Sexes",12,"Other","total",14.3191985264878,"Overall","Sindh"
"Contributing Family Worker","SINDH","Both Sexes",12,"Other","q1",11.9686204466718,"Overall","Sindh"
"Contributing Family Worker","SINDH","Both Sexes",12,"Other","q2",14.7598925975379,"Overall","Sindh"
"Contributing Family Worker","SINDH","Both Sexes",12,"Other","q3",15.8659782940296,"Overall","Sindh"
"Contributing Family Worker","SINDH","Both Sexes",12,"Other","q4",16.445433738862,"Overall","Sindh"
"Contributing Family Worker","SINDH","Both Sexes",12,"Other","q5",12.1758225013116,"Overall","Sindh"
"Employee","SINDH","Both Sexes",13,"Other","total",30.8006806742968,"Overall","Sindh"
"Employee","SINDH","Both Sexes",13,"Other","q1",41.3561811521168,"Overall","Sindh"
"Employee","SINDH","Both Sexes",13,"Other","q2",35.0214547481198,"Overall","Sindh"
"Employee","SINDH","Both Sexes",13,"Other","q3",31.325453533604,"Overall","Sindh"
"Employee","SINDH","Both Sexes",13,"Other","q4",27.5967214901073,"Overall","Sindh"
"Employee","SINDH","Both Sexes",13,"Other","q5",23.2129564689836,"Overall","Sindh"
"Not Economically Active","SINDH","Both Sexes",14,"Other","total",0.838646319228305,"Overall","Sindh"
"Not Economically Active","SINDH","Both Sexes",14,"Other","q1",0.206837520994816,"Overall","Sindh"
"Not Economically Active","SINDH","Both Sexes",14,"Other","q2",0.331252683148125,"Overall","Sindh"
"Not Economically Active","SINDH","Both Sexes",14,"Other","q3",0.689284185032879,"Overall","Sindh"
"Not Economically Active","SINDH","Both Sexes",14,"Other","q4",0.649965531789776,"Overall","Sindh"
"Not Economically Active","SINDH","Both Sexes",14,"Other","q5",1.94419656935749,"Overall","Sindh"
"Employer","SINDH","Male",4,"Head","total",1.05728496251884,"Overall","Sindh"
"Employer","SINDH","Male",4,"Head","q1",0.625376459735061,"Overall","Sindh"
"Employer","SINDH","Male",4,"Head","q2",0.407074353885077,"Overall","Sindh"
"Employer","SINDH","Male",4,"Head","q3",0.471967437237752,"Overall","Sindh"
"Employer","SINDH","Male",4,"Head","q4",0.929638577132916,"Overall","Sindh"
"Employer","SINDH","Male",4,"Head","q5",2.34632793200053,"Overall","Sindh"
"Self Employed","SINDH","Male",5,"Head","total",22.5587592296858,"Overall","Sindh"
"Self Employed","SINDH","Male",5,"Head","q1",14.2960059225243,"Overall","Sindh"
"Self Employed","SINDH","Male",5,"Head","q2",20.504942952111,"Overall","Sindh"
"Self Employed","SINDH","Male",5,"Head","q3",22.0520504113863,"Overall","Sindh"
"Self Employed","SINDH","Male",5,"Head","q4",24.1232565785306,"Overall","Sindh"
"Self Employed","SINDH","Male",5,"Head","q5",27.6064780872546,"Overall","Sindh"
"Contributing Family Worker","SINDH","Male",6,"Head","total",0.19851692304042,"Overall","Sindh"
"Contributing Family Worker","SINDH","Male",6,"Head","q1",0.129931125005418,"Overall","Sindh"
"Contributing Family Worker","SINDH","Male",6,"Head","q2",0.328849873592011,"Overall","Sindh"
"Contributing Family Worker","SINDH","Male",6,"Head","q3",0.221283338682098,"Overall","Sindh"
"Contributing Family Worker","SINDH","Male",6,"Head","q4",0.14127628799653,"Overall","Sindh"
"Contributing Family Worker","SINDH","Male",6,"Head","q5",0.183720992948812,"Overall","Sindh"
"Employee","SINDH","Male",7,"Head","total",29.9286513506837,"Overall","Sindh"
"Employee","SINDH","Male",7,"Head","q1",38.1957263362165,"Overall","Sindh"
"Employee","SINDH","Male",7,"Head","q2",34.7068800658449,"Overall","Sindh"
"Employee","SINDH","Male",7,"Head","q3",29.420440138049,"Overall","Sindh"
"Employee","SINDH","Male",7,"Head","q4",26.2358064608866,"Overall","Sindh"
"Employee","SINDH","Male",7,"Head","q5",25.8639320707715,"Overall","Sindh"
"Not Economically Active","SINDH","Male",8,"Other","total",2.84856970804121,"Overall","Sindh"
"Not Economically Active","SINDH","Male",8,"Other","q1",0.321378313619595,"Overall","Sindh"
"Not Economically Active","SINDH","Male",8,"Other","q2",0.8931221060172,"Overall","Sindh"
"Not Economically Active","SINDH","Male",8,"Other","q3",1.66678082017652,"Overall","Sindh"
"Not Economically Active","SINDH","Male",8,"Other","q4",3.0772588775913,"Overall","Sindh"
"Not Economically Active","SINDH","Male",8,"Other","q5",6.37287446777419,"Overall","Sindh"
"Employer","SINDH","Male",10,"Other","total",0.371731192669851,"Overall","Sindh"
"Employer","SINDH","Male",10,"Other","q1",0.239187368819537,"Overall","Sindh"
"Employer","SINDH","Male",10,"Other","q2",0.147761512319981,"Overall","Sindh"
"Employer","SINDH","Male",10,"Other","q3",0.191254485260888,"Overall","Sindh"
"Employer","SINDH","Male",10,"Other","q4",0.353483654719063,"Overall","Sindh"
"Employer","SINDH","Male",10,"Other","q5",0.76513829247474,"Overall","Sindh"
"Self Employed","SINDH","Male",11,"Other","total",7.13184254819752,"Overall","Sindh"
"Self Employed","SINDH","Male",11,"Other","q1",6.19735644556558,"Overall","Sindh"
"Self Employed","SINDH","Male",11,"Other","q2",6.11249983383383,"Overall","Sindh"
"Self Employed","SINDH","Male",11,"Other","q3",7.65065795790039,"Overall","Sindh"
"Self Employed","SINDH","Male",11,"Other","q4",7.92750860104048,"Overall","Sindh"
"Self Employed","SINDH","Male",11,"Other","q5",7.1771727889228,"Overall","Sindh"
"Contributing Family Worker","SINDH","Male",12,"Other","total",10.2473580743821,"Overall","Sindh"
"Contributing Family Worker","SINDH","Male",12,"Other","q1",8.43225582191387,"Overall","Sindh"
"Contributing Family Worker","SINDH","Male",12,"Other","q2",8.82187903889112,"Overall","Sindh"
"Contributing Family Worker","SINDH","Male",12,"Other","q3",10.6033855438587,"Overall","Sindh"
"Contributing Family Worker","SINDH","Male",12,"Other","q4",12.2142336575462,"Overall","Sindh"
"Contributing Family Worker","SINDH","Male",12,"Other","q5",10.1226040039311,"Overall","Sindh"
"Employee","SINDH","Male",13,"Other","total",25.2318141415595,"Overall","Sindh"
"Employee","SINDH","Male",13,"Other","q1",31.3585099579957,"Overall","Sindh"
"Employee","SINDH","Male",13,"Other","q2",27.9305768035021,"Overall","Sindh"
"Employee","SINDH","Male",13,"Other","q3",27.1863562528657,"Overall","Sindh"
"Employee","SINDH","Male",13,"Other","q4",24.7200940552099,"Overall","Sindh"
"Employee","SINDH","Male",13,"Other","q5",18.7801186967813,"Overall","Sindh"
"Not Economically Active","SINDH","Male",14,"Other","total",0.425471869221124,"Overall","Sindh"
"Not Economically Active","SINDH","Male",14,"Other","q1",0.204272248604501,"Overall","Sindh"
"Not Economically Active","SINDH","Male",14,"Other","q2",0.14641346000282,"Overall","Sindh"
"Not Economically Active","SINDH","Male",14,"Other","q3",0.535823614582657,"Overall","Sindh"
"Not Economically Active","SINDH","Male",14,"Other","q4",0.277429624475391,"Overall","Sindh"
"Not Economically Active","SINDH","Male",14,"Other","q5",0.781632667140383,"Overall","Sindh"
"Employer","SINDH","Female",4,"Head","total",NA,"Overall","Sindh"
"Employer","SINDH","Female",4,"Head","q1",NA,"Overall","Sindh"
"Employer","SINDH","Female",4,"Head","q2",NA,"Overall","Sindh"
"Employer","SINDH","Female",4,"Head","q3",NA,"Overall","Sindh"
"Employer","SINDH","Female",4,"Head","q4",NA,"Overall","Sindh"
"Employer","SINDH","Female",4,"Head","q5",NA,"Overall","Sindh"
"Self Employed","SINDH","Female",5,"Head","total",2.05043762425907,"Overall","Sindh"
"Self Employed","SINDH","Female",5,"Head","q1",1.14243575532642,"Overall","Sindh"
"Self Employed","SINDH","Female",5,"Head","q2",1.19169698257359,"Overall","Sindh"
"Self Employed","SINDH","Female",5,"Head","q3",1.67128055005292,"Overall","Sindh"
"Self Employed","SINDH","Female",5,"Head","q4",2.37534398641476,"Overall","Sindh"
"Self Employed","SINDH","Female",5,"Head","q5",4.18433350274648,"Overall","Sindh"
"Contributing Family Worker","SINDH","Female",6,"Head","total",0.537695335374426,"Overall","Sindh"
"Contributing Family Worker","SINDH","Female",6,"Head","q1",0.40448744696123,"Overall","Sindh"
"Contributing Family Worker","SINDH","Female",6,"Head","q2",0.236420713966708,"Overall","Sindh"
"Contributing Family Worker","SINDH","Female",6,"Head","q3",0.676204234925724,"Overall","Sindh"
"Contributing Family Worker","SINDH","Female",6,"Head","q4",0.718056461374754,"Overall","Sindh"
"Contributing Family Worker","SINDH","Female",6,"Head","q5",0.707358806132028,"Overall","Sindh"
"Employee","SINDH","Female",7,"Head","total",4.27344510505211,"Overall","Sindh"
"Employee","SINDH","Female",7,"Head","q1",4.54911121410961,"Overall","Sindh"
"Employee","SINDH","Female",7,"Head","q2",3.28549996314395,"Overall","Sindh"
"Employee","SINDH","Female",7,"Head","q3",4.04966973760231,"Overall","Sindh"
"Employee","SINDH","Female",7,"Head","q4",4.84369140735051,"Overall","Sindh"
"Employee","SINDH","Female",7,"Head","q5",4.82551195005246,"Overall","Sindh"
"Not Economically Active","SINDH","Female",8,"Other","total",1.15789418781689,"Overall","Sindh"
"Not Economically Active","SINDH","Female",8,"Other","q1",0.111307732940038,"Overall","Sindh"
"Not Economically Active","SINDH","Female",8,"Other","q2",0.079945106167101,"Overall","Sindh"
"Not Economically Active","SINDH","Female",8,"Other","q3",0.508331974637938,"Overall","Sindh"
"Not Economically Active","SINDH","Female",8,"Other","q4",1.67237791518164,"Overall","Sindh"
"Not Economically Active","SINDH","Female",8,"Other","q5",3.82361842075673,"Overall","Sindh"
"Employer","SINDH","Female",10,"Other","total",0.112102839211551,"Overall","Sindh"
"Employer","SINDH","Female",10,"Other","q1",0,"Overall","Sindh"
"Employer","SINDH","Female",10,"Other","q2",0,"Overall","Sindh"
"Employer","SINDH","Female",10,"Other","q3",0,"Overall","Sindh"
"Employer","SINDH","Female",10,"Other","q4",0.20472413406743,"Overall","Sindh"
"Employer","SINDH","Female",10,"Other","q5",0.404535474921178,"Overall","Sindh"
"Self Employed","SINDH","Female",11,"Other","total",7.93700429729526,"Overall","Sindh"
"Self Employed","SINDH","Female",11,"Other","q1",4.88182077721231,"Overall","Sindh"
"Self Employed","SINDH","Female",11,"Other","q2",6.84221708646429,"Overall","Sindh"
"Self Employed","SINDH","Female",11,"Other","q3",8.91563609384258,"Overall","Sindh"
"Self Employed","SINDH","Female",11,"Other","q4",9.93588850986607,"Overall","Sindh"
"Self Employed","SINDH","Female",11,"Other","q5",9.54160142332748,"Overall","Sindh"
"Contributing Family Worker","SINDH","Female",12,"Other","total",29.6982908021381,"Overall","Sindh"
"Contributing Family Worker","SINDH","Female",12,"Other","q1",21.2112315628507,"Overall","Sindh"
"Contributing Family Worker","SINDH","Female",12,"Other","q2",31.9494790289081,"Overall","Sindh"
"Contributing Family Worker","SINDH","Female",12,"Other","q3",35.8575147974711,"Overall","Sindh"
"Contributing Family Worker","SINDH","Female",12,"Other","q4",36.5583159383665,"Overall","Sindh"
"Contributing Family Worker","SINDH","Female",12,"Other","q5",22.6934377997794,"Overall","Sindh"
"Employee","SINDH","Female",13,"Other","total",51.8339488696307,"Overall","Sindh"
"Employee","SINDH","Female",13,"Other","q1",67.4860056243347,"Overall","Sindh"
"Employee","SINDH","Female",13,"Other","q2",55.5484071682847,"Overall","Sindh"
"Employee","SINDH","Female",13,"Other","q3",47.0490556262204,"Overall","Sindh"
"Employee","SINDH","Female",13,"Other","q4",41.270727428047,"Overall","Sindh"
"Employee","SINDH","Female",13,"Other","q5",45.9201736367007,"Overall","Sindh"
"Not Economically Active","SINDH","Female",14,"Other","total",2.39918093922193,"Overall","Sindh"
"Not Economically Active","SINDH","Female",14,"Other","q1",0.213542094087976,"Overall","Sindh"
"Not Economically Active","SINDH","Female",14,"Other","q2",0.866333950491486,"Overall","Sindh"
"Not Economically Active","SINDH","Female",14,"Other","q3",1.27225017568358,"Overall","Sindh"
"Not Economically Active","SINDH","Female",14,"Other","q4",2.42080945370845,"Overall","Sindh"
"Not Economically Active","SINDH","Female",14,"Other","q5",7.89936473280805,"Overall","Sindh"
"Employer","SINDH URBAN","Both Sexes",4,"Head","total",1.34154008036607,"Urban","Sindh"
"Employer","SINDH URBAN","Both Sexes",4,"Head","q1",0.339678158745066,"Urban","Sindh"
"Employer","SINDH URBAN","Both Sexes",4,"Head","q2",0.330837200616156,"Urban","Sindh"
"Employer","SINDH URBAN","Both Sexes",4,"Head","q3",0.504220237898068,"Urban","Sindh"
"Employer","SINDH URBAN","Both Sexes",4,"Head","q4",1.04042271094146,"Urban","Sindh"
"Employer","SINDH URBAN","Both Sexes",4,"Head","q5",2.76072835861497,"Urban","Sindh"
"Self Employed","SINDH URBAN","Both Sexes",5,"Head","total",14.9642173271384,"Urban","Sindh"
"Self Employed","SINDH URBAN","Both Sexes",5,"Head","q1",9.09690539853487,"Urban","Sindh"
"Self Employed","SINDH URBAN","Both Sexes",5,"Head","q2",11.5929575110084,"Urban","Sindh"
"Self Employed","SINDH URBAN","Both Sexes",5,"Head","q3",13.6742963772677,"Urban","Sindh"
"Self Employed","SINDH URBAN","Both Sexes",5,"Head","q4",15.1457620389199,"Urban","Sindh"
"Self Employed","SINDH URBAN","Both Sexes",5,"Head","q5",18.4711984512687,"Urban","Sindh"
"Contributing Family Worker","SINDH URBAN","Both Sexes",6,"Head","total",0.122769532799771,"Urban","Sindh"
"Contributing Family Worker","SINDH URBAN","Both Sexes",6,"Head","q1",0,"Urban","Sindh"
"Contributing Family Worker","SINDH URBAN","Both Sexes",6,"Head","q2",0.167354191490801,"Urban","Sindh"
"Contributing Family Worker","SINDH URBAN","Both Sexes",6,"Head","q3",0.187800980805055,"Urban","Sindh"
"Contributing Family Worker","SINDH URBAN","Both Sexes",6,"Head","q4",0.148940394013172,"Urban","Sindh"
"Contributing Family Worker","SINDH URBAN","Both Sexes",6,"Head","q5",0.071388872826179,"Urban","Sindh"
"Employee","SINDH URBAN","Both Sexes",7,"Head","total",29.9436827365883,"Urban","Sindh"
"Employee","SINDH URBAN","Both Sexes",7,"Head","q1",35.6613082760869,"Urban","Sindh"
"Employee","SINDH URBAN","Both Sexes",7,"Head","q2",32.2461833757816,"Urban","Sindh"
"Employee","SINDH URBAN","Both Sexes",7,"Head","q3",30.7533018175968,"Urban","Sindh"
"Employee","SINDH URBAN","Both Sexes",7,"Head","q4",29.1063524929516,"Urban","Sindh"
"Employee","SINDH URBAN","Both Sexes",7,"Head","q5",27.7358066106942,"Urban","Sindh"
"Not Economically Active","SINDH URBAN","Both Sexes",8,"Other","total",3.42778662660263,"Urban","Sindh"
"Not Economically Active","SINDH URBAN","Both Sexes",8,"Other","q1",0.460617771704522,"Urban","Sindh"
"Not Economically Active","SINDH URBAN","Both Sexes",8,"Other","q2",0.581060219006825,"Urban","Sindh"
"Not Economically Active","SINDH URBAN","Both Sexes",8,"Other","q3",1.27769654352184,"Urban","Sindh"
"Not Economically Active","SINDH URBAN","Both Sexes",8,"Other","q4",3.28982895512348,"Urban","Sindh"
"Not Economically Active","SINDH URBAN","Both Sexes",8,"Other","q5",6.80073148620068,"Urban","Sindh"
"Employer","SINDH URBAN","Both Sexes",10,"Other","total",0.523865622429379,"Urban","Sindh"
"Employer","SINDH URBAN","Both Sexes",10,"Other","q1",0.156917458714155,"Urban","Sindh"
"Employer","SINDH URBAN","Both Sexes",10,"Other","q2",0,"Urban","Sindh"
"Employer","SINDH URBAN","Both Sexes",10,"Other","q3",0.191523560300267,"Urban","Sindh"
"Employer","SINDH URBAN","Both Sexes",10,"Other","q4",0.517768445002628,"Urban","Sindh"
"Employer","SINDH URBAN","Both Sexes",10,"Other","q5",1.05085342938428,"Urban","Sindh"
"Self Employed","SINDH URBAN","Both Sexes",11,"Other","total",6.96143634023744,"Urban","Sindh"
"Self Employed","SINDH URBAN","Both Sexes",11,"Other","q1",7.83464041578904,"Urban","Sindh"
"Self Employed","SINDH URBAN","Both Sexes",11,"Other","q2",6.23970786611495,"Urban","Sindh"
"Self Employed","SINDH URBAN","Both Sexes",11,"Other","q3",7.08022001075763,"Urban","Sindh"
"Self Employed","SINDH URBAN","Both Sexes",11,"Other","q4",7.69213362257393,"Urban","Sindh"
"Self Employed","SINDH URBAN","Both Sexes",11,"Other","q5",6.47050992134353,"Urban","Sindh"
"Contributing Family Worker","SINDH URBAN","Both Sexes",12,"Other","total",7.31147762209416,"Urban","Sindh"
"Contributing Family Worker","SINDH URBAN","Both Sexes",12,"Other","q1",4.95489256474745,"Urban","Sindh"
"Contributing Family Worker","SINDH URBAN","Both Sexes",12,"Other","q2",7.37477256803603,"Urban","Sindh"
"Contributing Family Worker","SINDH URBAN","Both Sexes",12,"Other","q3",7.27748517672,"Urban","Sindh"
"Contributing Family Worker","SINDH URBAN","Both Sexes",12,"Other","q4",8.47504785533033,"Urban","Sindh"
"Contributing Family Worker","SINDH URBAN","Both Sexes",12,"Other","q5",6.9703665096278,"Urban","Sindh"
"Employee","SINDH URBAN","Both Sexes",13,"Other","total",34.2585039232322,"Urban","Sindh"
"Employee","SINDH URBAN","Both Sexes",13,"Other","q1",41.307549773576,"Urban","Sindh"
"Employee","SINDH URBAN","Both Sexes",13,"Other","q2",41.1215708662472,"Urban","Sindh"
"Employee","SINDH URBAN","Both Sexes",13,"Other","q3",38.1973251058017,"Urban","Sindh"
"Employee","SINDH URBAN","Both Sexes",13,"Other","q4",33.9663557227364,"Urban","Sindh"
"Employee","SINDH URBAN","Both Sexes",13,"Other","q5",27.3753273831079,"Urban","Sindh"
"Not Economically Active","SINDH URBAN","Both Sexes",14,"Other","total",1.14473284777464,"Urban","Sindh"
"Not Economically Active","SINDH URBAN","Both Sexes",14,"Other","q1",0.187490182101951,"Urban","Sindh"
"Not Economically Active","SINDH URBAN","Both Sexes",14,"Other","q2",0.345598742163514,"Urban","Sindh"
"Not Economically Active","SINDH URBAN","Both Sexes",14,"Other","q3",0.856130189331024,"Urban","Sindh"
"Not Economically Active","SINDH URBAN","Both Sexes",14,"Other","q4",0.617387762407156,"Urban","Sindh"
"Not Economically Active","SINDH URBAN","Both Sexes",14,"Other","q5",2.29308897693175,"Urban","Sindh"
"Employer","SINDH URBAN","Male",4,"Head","total",1.60145800031962,"Urban","Sindh"
"Employer","SINDH URBAN","Male",4,"Head","q1",0.436072356351998,"Urban","Sindh"
"Employer","SINDH URBAN","Male",4,"Head","q2",0.415599434181971,"Urban","Sindh"
"Employer","SINDH URBAN","Male",4,"Head","q3",0.603335388113806,"Urban","Sindh"
"Employer","SINDH URBAN","Male",4,"Head","q4",1.19853817444803,"Urban","Sindh"
"Employer","SINDH URBAN","Male",4,"Head","q5",3.25410697856312,"Urban","Sindh"
"Self Employed","SINDH URBAN","Male",5,"Head","total",17.4685907697004,"Urban","Sindh"
"Self Employed","SINDH URBAN","Male",5,"Head","q1",11.4507483270521,"Urban","Sindh"
"Self Employed","SINDH URBAN","Male",5,"Head","q2",14.259116654812,"Urban","Sindh"
"Self Employed","SINDH URBAN","Male",5,"Head","q3",16.056920313147,"Urban","Sindh"
"Self Employed","SINDH URBAN","Male",5,"Head","q4",17.2637189816039,"Urban","Sindh"
"Self Employed","SINDH URBAN","Male",5,"Head","q5",21.0888794838682,"Urban","Sindh"
"Contributing Family Worker","SINDH URBAN","Male",6,"Head","total",0.146555629142325,"Urban","Sindh"
"Contributing Family Worker","SINDH URBAN","Male",6,"Head","q1",0,"Urban","Sindh"
"Contributing Family Worker","SINDH URBAN","Male",6,"Head","q2",0.210231216930934,"Urban","Sindh"
"Contributing Family Worker","SINDH URBAN","Male",6,"Head","q3",0.224717234902177,"Urban","Sindh"
"Contributing Family Worker","SINDH URBAN","Male",6,"Head","q4",0.171575212713865,"Urban","Sindh"
"Contributing Family Worker","SINDH URBAN","Male",6,"Head","q5",0.0841470072673033,"Urban","Sindh"
"Employee","SINDH URBAN","Male",7,"Head","total",34.7014352190646,"Urban","Sindh"
"Employee","SINDH URBAN","Male",7,"Head","q1",43.7340891053469,"Urban","Sindh"
"Employee","SINDH URBAN","Male",7,"Head","q2",39.334239311955,"Urban","Sindh"
"Employee","SINDH URBAN","Male",7,"Head","q3",35.9973002223013,"Urban","Sindh"
"Employee","SINDH URBAN","Male",7,"Head","q4",32.7580982048884,"Urban","Sindh"
"Employee","SINDH URBAN","Male",7,"Head","q5",31.56001893987,"Urban","Sindh"
"Not Economically Active","SINDH URBAN","Male",8,"Other","total",3.63863111481186,"Urban","Sindh"
"Not Economically Active","SINDH URBAN","Male",8,"Other","q1",0.382512002289868,"Urban","Sindh"
"Not Economically Active","SINDH URBAN","Male",8,"Other","q2",0.729930907996856,"Urban","Sindh"
"Not Economically Active","SINDH URBAN","Male",8,"Other","q3",1.52885481786881,"Urban","Sindh"
"Not Economically Active","SINDH URBAN","Male",8,"Other","q4",3.19455153906698,"Urban","Sindh"
"Not Economically Active","SINDH URBAN","Male",8,"Other","q5",7.15632254027949,"Urban","Sindh"
"Employer","SINDH URBAN","Male",10,"Other","total",0.5777900520342,"Urban","Sindh"
"Employer","SINDH URBAN","Male",10,"Other","q1",0.201447647464449,"Urban","Sindh"
"Employer","SINDH URBAN","Male",10,"Other","q2",0,"Urban","Sindh"
"Employer","SINDH URBAN","Male",10,"Other","q3",0.229171566116431,"Urban","Sindh"
"Employer","SINDH URBAN","Male",10,"Other","q4",0.596454921960235,"Urban","Sindh"
"Employer","SINDH URBAN","Male",10,"Other","q5",1.09608496764439,"Urban","Sindh"
"Self Employed","SINDH URBAN","Male",11,"Other","total",5.81445631193772,"Urban","Sindh"
"Self Employed","SINDH URBAN","Male",11,"Other","q1",7.36010339099926,"Urban","Sindh"
"Self Employed","SINDH URBAN","Male",11,"Other","q2",4.90762170992688,"Urban","Sindh"
"Self Employed","SINDH URBAN","Male",11,"Other","q3",5.59875459919135,"Urban","Sindh"
"Self Employed","SINDH URBAN","Male",11,"Other","q4",6.42062172908831,"Urban","Sindh"
"Self Employed","SINDH URBAN","Male",11,"Other","q5",5.54192733330752,"Urban","Sindh"
"Contributing Family Worker","SINDH URBAN","Male",12,"Other","total",6.77013562591593,"Urban","Sindh"
"Contributing Family Worker","SINDH URBAN","Male",12,"Other","q1",3.26110997870596,"Urban","Sindh"
"Contributing Family Worker","SINDH URBAN","Male",12,"Other","q2",6.5348027786432,"Urban","Sindh"
"Contributing Family Worker","SINDH URBAN","Male",12,"Other","q3",5.43945563542734,"Urban","Sindh"
"Contributing Family Worker","SINDH URBAN","Male",12,"Other","q4",8.15684320567194,"Urban","Sindh"
"Contributing Family Worker","SINDH URBAN","Male",12,"Other","q5",7.34092060358494,"Urban","Sindh"
"Employee","SINDH URBAN","Male",13,"Other","total",28.8485794584106,"Urban","Sindh"
"Employee","SINDH URBAN","Male",13,"Other","q1",33.1740256135588,"Urban","Sindh"
"Employee","SINDH URBAN","Male",13,"Other","q2",33.6084045459962,"Urban","Sindh"
"Employee","SINDH URBAN","Male",13,"Other","q3",33.7203065032858,"Urban","Sindh"
"Employee","SINDH URBAN","Male",13,"Other","q4",30.0601727778981,"Urban","Sindh"
"Employee","SINDH URBAN","Male",13,"Other","q5",22.0796448253553,"Urban","Sindh"
"Not Economically Active","SINDH URBAN","Male",14,"Other","total",0.432360262690916,"Urban","Sindh"
"Not Economically Active","SINDH URBAN","Male",14,"Other","q1",0,"Urban","Sindh"
"Not Economically Active","SINDH URBAN","Male",14,"Other","q2",0,"Urban","Sindh"
"Not Economically Active","SINDH URBAN","Male",14,"Other","q3",0.601221468215516,"Urban","Sindh"
"Not Economically Active","SINDH URBAN","Male",14,"Other","q4",0.17939562986795,"Urban","Sindh"
"Not Economically Active","SINDH URBAN","Male",14,"Other","q5",0.797947320259751,"Urban","Sindh"
"Employer","SINDH URBAN","Female",4,"Head","total",NA,"Urban","Sindh"
"Employer","SINDH URBAN","Female",4,"Head","q1",NA,"Urban","Sindh"
"Employer","SINDH URBAN","Female",4,"Head","q2",NA,"Urban","Sindh"
"Employer","SINDH URBAN","Female",4,"Head","q3",NA,"Urban","Sindh"
"Employer","SINDH URBAN","Female",4,"Head","q4",NA,"Urban","Sindh"
"Employer","SINDH URBAN","Female",4,"Head","q5",NA,"Urban","Sindh"
"Self Employed","SINDH URBAN","Female",5,"Head","total",2.03810785903906,"Urban","Sindh"
"Self Employed","SINDH URBAN","Female",5,"Head","q1",0.802714174916042,"Urban","Sindh"
"Self Employed","SINDH URBAN","Female",5,"Head","q2",1.18661744154517,"Urban","Sindh"
"Self Employed","SINDH URBAN","Female",5,"Head","q3",1.55337232927115,"Urban","Sindh"
"Self Employed","SINDH URBAN","Female",5,"Head","q4",1.20929543531907,"Urban","Sindh"
"Self Employed","SINDH URBAN","Female",5,"Head","q5",3.82368742492511,"Urban","Sindh"
"Contributing Family Worker","SINDH URBAN","Female",6,"Head","total",NA,"Urban","Sindh"
"Contributing Family Worker","SINDH URBAN","Female",6,"Head","q1",NA,"Urban","Sindh"
"Contributing Family Worker","SINDH URBAN","Female",6,"Head","q2",NA,"Urban","Sindh"
"Contributing Family Worker","SINDH URBAN","Female",6,"Head","q3",NA,"Urban","Sindh"
"Contributing Family Worker","SINDH URBAN","Female",6,"Head","q4",NA,"Urban","Sindh"
"Contributing Family Worker","SINDH URBAN","Female",6,"Head","q5",NA,"Urban","Sindh"
"Employee","SINDH URBAN","Female",7,"Head","total",5.3869850472458,"Urban","Sindh"
"Employee","SINDH URBAN","Female",7,"Head","q1",7.21411187566145,"Urban","Sindh"
"Employee","SINDH URBAN","Female",7,"Head","q2",4.58064785265837,"Urban","Sindh"
"Employee","SINDH URBAN","Female",7,"Head","q3",4.07594606116704,"Urban","Sindh"
"Employee","SINDH URBAN","Female",7,"Head","q4",5.07732551566587,"Urban","Sindh"
"Employee","SINDH URBAN","Female",7,"Head","q5",6.33720723962636,"Urban","Sindh"
"Not Economically Active","SINDH URBAN","Female",8,"Other","total",2.33953410554716,"Urban","Sindh"
"Not Economically Active","SINDH URBAN","Female",8,"Other","q1",0.735853165582245,"Urban","Sindh"
"Not Economically Active","SINDH URBAN","Female",8,"Other","q2",0,"Urban","Sindh"
"Not Economically Active","SINDH URBAN","Female",8,"Other","q3",0,"Urban","Sindh"
"Not Economically Active","SINDH URBAN","Female",8,"Other","q4",3.91676055404599,"Urban","Sindh"
"Not Economically Active","SINDH URBAN","Female",8,"Other","q5",4.81100135324856,"Urban","Sindh"
"Employer","SINDH URBAN","Female",10,"Other","total",0.245540127832184,"Urban","Sindh"
"Employer","SINDH URBAN","Female",10,"Other","q1",0,"Urban","Sindh"
"Employer","SINDH URBAN","Female",10,"Other","q2",0,"Urban","Sindh"
"Employer","SINDH URBAN","Female",10,"Other","q3",0,"Urban","Sindh"
"Employer","SINDH URBAN","Female",10,"Other","q4",0,"Urban","Sindh"
"Employer","SINDH URBAN","Female",10,"Other","q5",0.797757763439988,"Urban","Sindh"
"Self Employed","SINDH URBAN","Female",11,"Other","total",12.8814578594096,"Urban","Sindh"
"Self Employed","SINDH URBAN","Female",11,"Other","q1",9.50687140144496,"Urban","Sindh"
"Self Employed","SINDH URBAN","Female",11,"Other","q2",11.4390004797364,"Urban","Sindh"
"Self Employed","SINDH URBAN","Female",11,"Other","q3",14.6167554509177,"Urban","Sindh"
"Self Employed","SINDH URBAN","Female",11,"Other","q4",16.0588352247255,"Urban","Sindh"
"Self Employed","SINDH URBAN","Female",11,"Other","q5",11.6664470383116,"Urban","Sindh"
"Contributing Family Worker","SINDH URBAN","Female",12,"Other","total",10.1055596353246,"Urban","Sindh"
"Contributing Family Worker","SINDH URBAN","Female",12,"Other","q1",10.9235606735005,"Urban","Sindh"
"Contributing Family Worker","SINDH URBAN","Female",12,"Other","q2",10.6530671839476,"Urban","Sindh"
"Contributing Family Worker","SINDH URBAN","Female",12,"Other","q3",16.6279395780604,"Urban","Sindh"
"Contributing Family Worker","SINDH URBAN","Female",12,"Other","q4",10.5688600577749,"Urban","Sindh"
"Contributing Family Worker","SINDH URBAN","Female",12,"Other","q5",4.89690982904467,"Urban","Sindh"
"Employee","SINDH URBAN","Female",13,"Other","total",62.1812434017915,"Urban","Sindh"
"Employee","SINDH URBAN","Female",13,"Other","q1",69.9690911105423,"Urban","Sindh"
"Employee","SINDH URBAN","Female",13,"Other","q2",70.4463633898588,"Urban","Sindh"
"Employee","SINDH URBAN","Female",13,"Other","q3",60.9728884775069,"Urban","Sindh"
"Employee","SINDH URBAN","Female",13,"Other","q4",59.6694904351826,"Urban","Sindh"
"Employee","SINDH URBAN","Female",13,"Other","q5",57.0076227933686,"Urban","Sindh"
"Not Economically Active","SINDH URBAN","Female",14,"Other","total",4.82157196381013,"Urban","Sindh"
"Not Economically Active","SINDH URBAN","Female",14,"Other","q1",0.848179661263024,"Urban","Sindh"
"Not Economically Active","SINDH URBAN","Female",14,"Other","q2",1.69451223327702,"Urban","Sindh"
"Not Economically Active","SINDH URBAN","Female",14,"Other","q3",2.15309810307679,"Urban","Sindh"
"Not Economically Active","SINDH URBAN","Female",14,"Other","q4",3.49923785539135,"Urban","Sindh"
"Not Economically Active","SINDH URBAN","Female",14,"Other","q5",10.6592398493687,"Urban","Sindh"
"Employer","SINDH RURAL","Both Sexes",4,"Head","total",0.50992329782808,"Rural","Sindh"
"Employer","SINDH RURAL","Both Sexes",4,"Head","q1",0.478646083234425,"Rural","Sindh"
"Employer","SINDH RURAL","Both Sexes",4,"Head","q2",0.288810411320624,"Rural","Sindh"
"Employer","SINDH RURAL","Both Sexes",4,"Head","q3",0.295187485172409,"Rural","Sindh"
"Employer","SINDH RURAL","Both Sexes",4,"Head","q4",0.556004471900862,"Rural","Sindh"
"Employer","SINDH RURAL","Both Sexes",4,"Head","q5",1.00278109558143,"Rural","Sindh"
"Self Employed","SINDH RURAL","Both Sexes",5,"Head","total",20.3944584000199,"Rural","Sindh"
"Self Employed","SINDH RURAL","Both Sexes",5,"Head","q1",11.0201843796561,"Rural","Sindh"
"Self Employed","SINDH RURAL","Both Sexes",5,"Head","q2",17.4681801862615,"Rural","Sindh"
"Self Employed","SINDH RURAL","Both Sexes",5,"Head","q3",20.2861147051043,"Rural","Sindh"
"Self Employed","SINDH RURAL","Both Sexes",5,"Head","q4",24.3900187877497,"Rural","Sindh"
"Self Employed","SINDH RURAL","Both Sexes",5,"Head","q5",30.1735455452973,"Rural","Sindh"
"Contributing Family Worker","SINDH RURAL","Both Sexes",6,"Head","total",0.36415745633382,"Rural","Sindh"
"Contributing Family Worker","SINDH RURAL","Both Sexes",6,"Head","q1",0.254011307103715,"Rural","Sindh"
"Contributing Family Worker","SINDH RURAL","Both Sexes",6,"Head","q2",0.372092869350566,"Rural","Sindh"
"Contributing Family Worker","SINDH RURAL","Both Sexes",6,"Head","q3",0.393134853952496,"Rural","Sindh"
"Contributing Family Worker","SINDH RURAL","Both Sexes",6,"Head","q4",0.313589645435282,"Rural","Sindh"
"Contributing Family Worker","SINDH RURAL","Both Sexes",6,"Head","q5",0.507462051367927,"Rural","Sindh"
"Employee","SINDH RURAL","Both Sexes",7,"Head","total",21.0850297884856,"Rural","Sindh"
"Employee","SINDH RURAL","Both Sexes",7,"Head","q1",27.3015495972121,"Rural","Sindh"
"Employee","SINDH RURAL","Both Sexes",7,"Head","q2",23.9137502295593,"Rural","Sindh"
"Employee","SINDH RURAL","Both Sexes",7,"Head","q3",20.1573373171706,"Rural","Sindh"
"Employee","SINDH RURAL","Both Sexes",7,"Head","q4",17.3878981585443,"Rural","Sindh"
"Employee","SINDH RURAL","Both Sexes",7,"Head","q5",16.0369110410235,"Rural","Sindh"
"Not Economically Active","SINDH RURAL","Both Sexes",8,"Other","total",1.89290692362032,"Rural","Sindh"
"Not Economically Active","SINDH RURAL","Both Sexes",8,"Other","q1",0.217137743377358,"Rural","Sindh"
"Not Economically Active","SINDH RURAL","Both Sexes",8,"Other","q2",0.734548384481626,"Rural","Sindh"
"Not Economically Active","SINDH RURAL","Both Sexes",8,"Other","q3",1.51408175810316,"Rural","Sindh"
"Not Economically Active","SINDH RURAL","Both Sexes",8,"Other","q4",2.47746431048318,"Rural","Sindh"
"Not Economically Active","SINDH RURAL","Both Sexes",8,"Other","q5",4.94009912394564,"Rural","Sindh"
"Employer","SINDH RURAL","Both Sexes",10,"Other","total",0.184231827444134,"Rural","Sindh"
"Employer","SINDH RURAL","Both Sexes",10,"Other","q1",0.176732682643501,"Rural","Sindh"
"Employer","SINDH RURAL","Both Sexes",10,"Other","q2",0.163214591202461,"Rural","Sindh"
"Employer","SINDH RURAL","Both Sexes",10,"Other","q3",0.127299366118131,"Rural","Sindh"
"Employer","SINDH RURAL","Both Sexes",10,"Other","q4",0.17960880477558,"Rural","Sindh"
"Employer","SINDH RURAL","Both Sexes",10,"Other","q5",0.291362783093974,"Rural","Sindh"
"Self Employed","SINDH RURAL","Both Sexes",11,"Other","total",7.51897370267809,"Rural","Sindh"
"Self Employed","SINDH RURAL","Both Sexes",11,"Other","q1",5.36580390287634,"Rural","Sindh"
"Self Employed","SINDH RURAL","Both Sexes",11,"Other","q2",6.32907387094052,"Rural","Sindh"
"Self Employed","SINDH RURAL","Both Sexes",11,"Other","q3",8.41523090111579,"Rural","Sindh"
"Self Employed","SINDH RURAL","Both Sexes",11,"Other","q4",8.73161867755384,"Rural","Sindh"
"Self Employed","SINDH RURAL","Both Sexes",11,"Other","q5",8.87912873808019,"Rural","Sindh"
"Contributing Family Worker","SINDH RURAL","Both Sexes",12,"Other","total",18.8381737522137,"Rural","Sindh"
"Contributing Family Worker","SINDH RURAL","Both Sexes",12,"Other","q1",13.6070355312003,"Rural","Sindh"
"Contributing Family Worker","SINDH RURAL","Both Sexes",12,"Other","q2",18.3501635454875,"Rural","Sindh"
"Contributing Family Worker","SINDH RURAL","Both Sexes",12,"Other","q3",21.0246897859597,"Rural","Sindh"
"Contributing Family Worker","SINDH RURAL","Both Sexes",12,"Other","q4",22.6510107424925,"Rural","Sindh"
"Contributing Family Worker","SINDH RURAL","Both Sexes",12,"Other","q5",18.4429843024455,"Rural","Sindh"
"Employee","SINDH RURAL","Both Sexes",13,"Other","total",28.5708804567852,"Rural","Sindh"
"Employee","SINDH RURAL","Both Sexes",13,"Other","q1",41.3675416361524,"Rural","Sindh"
"Employee","SINDH RURAL","Both Sexes",13,"Other","q2",32.0558875548254,"Rural","Sindh"
"Employee","SINDH RURAL","Both Sexes",13,"Other","q3",27.1978373887978,"Rural","Sindh"
"Employee","SINDH RURAL","Both Sexes",13,"Other","q4",22.6374564942668,"Rural","Sindh"
"Employee","SINDH RURAL","Both Sexes",13,"Other","q5",18.2016275792904,"Rural","Sindh"
"Not Economically Active","SINDH RURAL","Both Sexes",14,"Other","total",0.641264394591137,"Rural","Sindh"
"Not Economically Active","SINDH RURAL","Both Sexes",14,"Other","q1",0.211357136543852,"Rural","Sindh"
"Not Economically Active","SINDH RURAL","Both Sexes",14,"Other","q2",0.324278356570525,"Rural","Sindh"
"Not Economically Active","SINDH RURAL","Both Sexes",14,"Other","q3",0.58906748950794,"Rural","Sindh"
"Not Economically Active","SINDH RURAL","Both Sexes",14,"Other","q4",0.675329906798026,"Rural","Sindh"
"Not Economically Active","SINDH RURAL","Both Sexes",14,"Other","q5",1.52412086941156,"Rural","Sindh"
"Employer","SINDH RURAL","Male",4,"Head","total",0.670662255960972,"Rural","Sindh"
"Employer","SINDH RURAL","Male",4,"Head","q1",0.673903375794533,"Rural","Sindh"
"Employer","SINDH RURAL","Male",4,"Head","q2",0.402476708803994,"Rural","Sindh"
"Employer","SINDH RURAL","Male",4,"Head","q3",0.385804628516306,"Rural","Sindh"
"Employer","SINDH RURAL","Male",4,"Head","q4",0.700626176288051,"Rural","Sindh"
"Employer","SINDH RURAL","Male",4,"Head","q5",1.21909246994236,"Rural","Sindh"
"Self Employed","SINDH RURAL","Male",5,"Head","total",26.1752023477715,"Rural","Sindh"
"Self Employed","SINDH RURAL","Male",5,"Head","q1",15.0249814517547,"Rural","Sindh"
"Self Employed","SINDH RURAL","Male",5,"Head","q2",23.8733678294156,"Rural","Sindh"
"Self Employed","SINDH RURAL","Male",5,"Head","q3",25.985321196346,"Rural","Sindh"
"Self Employed","SINDH RURAL","Male",5,"Head","q4",29.9652853113474,"Rural","Sindh"
"Self Employed","SINDH RURAL","Male",5,"Head","q5",35.6996840004342,"Rural","Sindh"
"Contributing Family Worker","SINDH RURAL","Male",6,"Head","total",0.235434237826481,"Rural","Sindh"
"Contributing Family Worker","SINDH RURAL","Male",6,"Head","q1",0.163219003180771,"Rural","Sindh"
"Contributing Family Worker","SINDH RURAL","Male",6,"Head","q2",0.392821879054668,"Rural","Sindh"
"Contributing Family Worker","SINDH RURAL","Male",6,"Head","q3",0.219030436166274,"Rural","Sindh"
"Contributing Family Worker","SINDH RURAL","Male",6,"Head","q4",0.115446522728534,"Rural","Sindh"
"Contributing Family Worker","SINDH RURAL","Male",6,"Head","q5",0.307367080819743,"Rural","Sindh"
"Employee","SINDH RURAL","Male",7,"Head","total",26.5376946287592,"Rural","Sindh"
"Employee","SINDH RURAL","Male",7,"Head","q1",36.776830234737,"Rural","Sindh"
"Employee","SINDH RURAL","Male",7,"Head","q2",32.2113076213209,"Rural","Sindh"
"Employee","SINDH RURAL","Male",7,"Head","q3",25.1055093188238,"Rural","Sindh"
"Employee","SINDH RURAL","Male",7,"Head","q4",20.6810234778265,"Rural","Sindh"
"Employee","SINDH RURAL","Male",7,"Head","q5",18.7908109868196,"Rural","Sindh"
"Not Economically Active","SINDH RURAL","Male",8,"Other","total",2.28724877409764,"Rural","Sindh"
"Not Economically Active","SINDH RURAL","Male",8,"Other","q1",0.30571619281953,"Rural","Sindh"
"Not Economically Active","SINDH RURAL","Male",8,"Other","q2",0.981132445242705,"Rural","Sindh"
"Not Economically Active","SINDH RURAL","Male",8,"Other","q3",1.75727098577318,"Rural","Sindh"
"Not Economically Active","SINDH RURAL","Male",8,"Other","q4",2.97736481202097,"Rural","Sindh"
"Not Economically Active","SINDH RURAL","Male",8,"Other","q5",5.40002710656536,"Rural","Sindh"
"Employer","SINDH RURAL","Male",10,"Other","total",0.225331008266342,"Rural","Sindh"
"Employer","SINDH RURAL","Male",10,"Other","q1",0.248828425883823,"Rural","Sindh"
"Employer","SINDH RURAL","Male",10,"Other","q2",0.227450496661735,"Rural","Sindh"
"Employer","SINDH RURAL","Male",10,"Other","q3",0.166377936472753,"Rural","Sindh"
"Employer","SINDH RURAL","Male",10,"Other","q4",0.146553507545904,"Rural","Sindh"
"Employer","SINDH RURAL","Male",10,"Other","q5",0.354213074475007,"Rural","Sindh"
"Self Employed","SINDH RURAL","Male",11,"Other","total",8.067815324774,"Rural","Sindh"
"Self Employed","SINDH RURAL","Male",11,"Other","q1",5.89949475996446,"Rural","Sindh"
"Self Employed","SINDH RURAL","Male",11,"Other","q2",6.76227157681527,"Rural","Sindh"
"Self Employed","SINDH RURAL","Male",11,"Other","q3",8.99686586367064,"Rural","Sindh"
"Self Employed","SINDH RURAL","Male",11,"Other","q4",9.21087155060625,"Rural","Sindh"
"Self Employed","SINDH RURAL","Male",11,"Other","q5",9.20774033035142,"Rural","Sindh"
"Contributing Family Worker","SINDH RURAL","Male",12,"Other","total",12.7178455190432,"Rural","Sindh"
"Contributing Family Worker","SINDH RURAL","Male",12,"Other","q1",9.75708534637234,"Rural","Sindh"
"Contributing Family Worker","SINDH RURAL","Male",12,"Other","q2",10.0553178514055,"Rural","Sindh"
"Contributing Family Worker","SINDH RURAL","Male",12,"Other","q3",13.9913244728868,"Rural","Sindh"
"Contributing Family Worker","SINDH RURAL","Male",12,"Other","q4",15.6697714784522,"Rural","Sindh"
"Contributing Family Worker","SINDH RURAL","Male",12,"Other","q5",13.5767619126887,"Rural","Sindh"
"Employee","SINDH RURAL","Male",13,"Other","total",22.6621827367158,"Rural","Sindh"
"Employee","SINDH RURAL","Male",13,"Other","q1",30.8933629364532,"Rural","Sindh"
"Employee","SINDH RURAL","Male",13,"Other","q2",24.8684781625043,"Rural","Sindh"
"Employee","SINDH RURAL","Male",13,"Other","q3",22.8995776160008,"Rural","Sindh"
"Employee","SINDH RURAL","Male",13,"Other","q4",20.1721101787706,"Rural","Sindh"
"Employee","SINDH RURAL","Male",13,"Other","q5",14.6829291062088,"Rural","Sindh"
"Not Economically Active","SINDH RURAL","Male",14,"Other","total",0.420577798437564,"Rural","Sindh"
"Not Economically Active","SINDH RURAL","Male",14,"Other","q1",0.256606050269564,"Rural","Sindh"
"Not Economically Active","SINDH RURAL","Male",14,"Other","q2",0.225375428775312,"Rural","Sindh"
"Not Economically Active","SINDH RURAL","Male",14,"Other","q3",0.492917545343436,"Rural","Sindh"
"Not Economically Active","SINDH RURAL","Male",14,"Other","q4",0.360921755715562,"Rural","Sindh"
"Not Economically Active","SINDH RURAL","Male",14,"Other","q5",0.76137393169483,"Rural","Sindh"
"Employer","SINDH RURAL","Female",4,"Head","total",NA,"Rural","Sindh"
"Employer","SINDH RURAL","Female",4,"Head","q1",NA,"Rural","Sindh"
"Employer","SINDH RURAL","Female",4,"Head","q2",NA,"Rural","Sindh"
"Employer","SINDH RURAL","Female",4,"Head","q3",NA,"Rural","Sindh"
"Employer","SINDH RURAL","Female",4,"Head","q4",NA,"Rural","Sindh"
"Employer","SINDH RURAL","Female",4,"Head","q5",NA,"Rural","Sindh"
"Self Employed","SINDH RURAL","Female",5,"Head","total",2.05580514521804,"Rural","Sindh"
"Self Employed","SINDH RURAL","Female",5,"Head","q1",1.20304970512753,"Rural","Sindh"
"Self Employed","SINDH RURAL","Female",5,"Head","q2",1.19348030808752,"Rural","Sindh"
"Self Employed","SINDH RURAL","Female",5,"Head","q3",1.72081492244231,"Rural","Sindh"
"Self Employed","SINDH RURAL","Female",5,"Head","q4",2.95566263564448,"Rural","Sindh"
"Self Employed","SINDH RURAL","Female",5,"Head","q5",4.55535553438025,"Rural","Sindh"
"Contributing Family Worker","SINDH RURAL","Female",6,"Head","total",0.772497981900113,"Rural","Sindh"
"Contributing Family Worker","SINDH RURAL","Female",6,"Head","q1",0.47657600668936,"Rural","Sindh"
"Contributing Family Worker","SINDH RURAL","Female",6,"Head","q2",0.319423309846469,"Rural","Sindh"
"Contributing Family Worker","SINDH RURAL","Female",6,"Head","q3",0.960284107915184,"Rural","Sindh"
"Contributing Family Worker","SINDH RURAL","Female",6,"Head","q4",1.07535955243627,"Rural","Sindh"
"Contributing Family Worker","SINDH RURAL","Female",6,"Head","q5",1.43506865100418,"Rural","Sindh"
"Employee","SINDH RURAL","Female",7,"Head","total",3.78718157449258,"Rural","Sindh"
"Employee","SINDH RURAL","Female",7,"Head","q1",4.07421757168897,"Rural","Sindh"
"Employee","SINDH RURAL","Female",7,"Head","q2",2.83087260707125,"Rural","Sindh"
"Employee","SINDH RURAL","Female",7,"Head","q3",4.03863080250644,"Rural","Sindh"
"Employee","SINDH RURAL","Female",7,"Head","q4",4.72733374458295,"Rural","Sindh"
"Employee","SINDH RURAL","Female",7,"Head","q5",3.27032449054346,"Rural","Sindh"
"Not Economically Active","SINDH RURAL","Female",8,"Other","total",0.641892006962019,"Rural","Sindh"
"Not Economically Active","SINDH RURAL","Female",8,"Other","q1",0,"Rural","Sindh"
"Not Economically Active","SINDH RURAL","Female",8,"Other","q2",0.108012237969634,"Rural","Sindh"
"Not Economically Active","SINDH RURAL","Female",8,"Other","q3",0.721887103891881,"Rural","Sindh"
"Not Economically Active","SINDH RURAL","Female",8,"Other","q4",0.55547796128822,"Rural","Sindh"
"Not Economically Active","SINDH RURAL","Female",8,"Other","q5",2.80795838053239,"Rural","Sindh"
"Employer","SINDH RURAL","Female",10,"Other","total",0.0538330273541944,"Rural","Sindh"
"Employer","SINDH RURAL","Female",10,"Other","q1",0,"Rural","Sindh"
"Employer","SINDH RURAL","Female",10,"Other","q2",0,"Rural","Sindh"
"Employer","SINDH RURAL","Female",10,"Other","q3",0,"Rural","Sindh"
"Employer","SINDH RURAL","Female",10,"Other","q4",0.30659434880951,"Rural","Sindh"
"Employer","SINDH RURAL","Female",10,"Other","q5",0,"Rural","Sindh"
"Self Employed","SINDH RURAL","Female",11,"Other","total",5.77784552084008,"Rural","Sindh"
"Self Employed","SINDH RURAL","Female",11,"Other","q1",4.05753502823435,"Rural","Sindh"
"Self Employed","SINDH RURAL","Female",11,"Other","q2",5.22837814681756,"Rural","Sindh"
"Self Employed","SINDH RURAL","Female",11,"Other","q3",6.52054127011147,"Rural","Sindh"
"Self Employed","SINDH RURAL","Female",11,"Other","q4",6.8891100325508,"Rural","Sindh"
"Self Employed","SINDH RURAL","Female",11,"Other","q5",7.35575337519439,"Rural","Sindh"
"Contributing Family Worker","SINDH RURAL","Female",12,"Other","total",38.2541136879966,"Rural","Sindh"
"Contributing Family Worker","SINDH RURAL","Female",12,"Other","q1",23.0446527000867,"Rural","Sindh"
"Contributing Family Worker","SINDH RURAL","Female",12,"Other","q2",39.4262243461781,"Rural","Sindh"
"Contributing Family Worker","SINDH RURAL","Female",12,"Other","q3",43.9361241245667,"Rural","Sindh"
"Contributing Family Worker","SINDH RURAL","Female",12,"Other","q4",49.4906906277764,"Rural","Sindh"
"Contributing Family Worker","SINDH RURAL","Female",12,"Other","q5",41.0019800792814,"Rural","Sindh"
"Employee","SINDH RURAL","Female",13,"Other","total",47.3154673306244,"Rural","Sindh"
"Employee","SINDH RURAL","Female",13,"Other","q1",67.0434651753608,"Rural","Sindh"
"Employee","SINDH RURAL","Female",13,"Other","q2",50.3180319657641,"Rural","Sindh"
"Employee","SINDH RURAL","Female",13,"Other","q3",41.1994394645063,"Rural","Sindh"
"Employee","SINDH RURAL","Female",13,"Other","q4",32.1154913075022,"Rural","Sindh"
"Employee","SINDH RURAL","Female",13,"Other","q5",34.5137334596899,"Rural","Sindh"
"Not Economically Active","SINDH RURAL","Female",14,"Other","total",1.34134669423317,"Rural","Sindh"
"Not Economically Active","SINDH RURAL","Female",14,"Other","q1",0.100435720798229,"Rural","Sindh"
"Not Economically Active","SINDH RURAL","Female",14,"Other","q2",0.575577078265302,"Rural","Sindh"
"Not Economically Active","SINDH RURAL","Female",14,"Other","q3",0.902197528254684,"Rural","Sindh"
"Not Economically Active","SINDH RURAL","Female",14,"Other","q4",1.88418279657499,"Rural","Sindh"
"Not Economically Active","SINDH RURAL","Female",14,"Other","q5",5.06008673764015,"Rural","Sindh"
"Employer","KHYBER PAKHTUNKHWA","Both Sexes",4,"Head","total",0.608491574959652,"Overall","KP"
"Employer","KHYBER PAKHTUNKHWA","Both Sexes",4,"Head","q1",0.0310113416208132,"Overall","KP"
"Employer","KHYBER PAKHTUNKHWA","Both Sexes",4,"Head","q2",0.39393201210661,"Overall","KP"
"Employer","KHYBER PAKHTUNKHWA","Both Sexes",4,"Head","q3",0.41082945065497,"Overall","KP"
"Employer","KHYBER PAKHTUNKHWA","Both Sexes",4,"Head","q4",1.00218638636612,"Overall","KP"
"Employer","KHYBER PAKHTUNKHWA","Both Sexes",4,"Head","q5",1.32345048443426,"Overall","KP"
"Self Employed","KHYBER PAKHTUNKHWA","Both Sexes",5,"Head","total",9.26577428280845,"Overall","KP"
"Self Employed","KHYBER PAKHTUNKHWA","Both Sexes",5,"Head","q1",7.69617037244495,"Overall","KP"
"Self Employed","KHYBER PAKHTUNKHWA","Both Sexes",5,"Head","q2",9.12161448165933,"Overall","KP"
"Self Employed","KHYBER PAKHTUNKHWA","Both Sexes",5,"Head","q3",9.4474003834077,"Overall","KP"
"Self Employed","KHYBER PAKHTUNKHWA","Both Sexes",5,"Head","q4",10.2190306298864,"Overall","KP"
"Self Employed","KHYBER PAKHTUNKHWA","Both Sexes",5,"Head","q5",10.3202684037961,"Overall","KP"
"Contributing Family Worker","KHYBER PAKHTUNKHWA","Both Sexes",6,"Head","total",0.086882832294734,"Overall","KP"
"Contributing Family Worker","KHYBER PAKHTUNKHWA","Both Sexes",6,"Head","q1",0.159195755732318,"Overall","KP"
"Contributing Family Worker","KHYBER PAKHTUNKHWA","Both Sexes",6,"Head","q2",0.0631803989486248,"Overall","KP"
"Contributing Family Worker","KHYBER PAKHTUNKHWA","Both Sexes",6,"Head","q3",0.0532286399896151,"Overall","KP"
"Contributing Family Worker","KHYBER PAKHTUNKHWA","Both Sexes",6,"Head","q4",0.0630407093791119,"Overall","KP"
"Contributing Family Worker","KHYBER PAKHTUNKHWA","Both Sexes",6,"Head","q5",0.0693139067861494,"Overall","KP"
"Employee","KHYBER PAKHTUNKHWA","Both Sexes",7,"Head","total",33.5508706565453,"Overall","KP"
"Employee","KHYBER PAKHTUNKHWA","Both Sexes",7,"Head","q1",30.9654339098095,"Overall","KP"
"Employee","KHYBER PAKHTUNKHWA","Both Sexes",7,"Head","q2",32.0478124343029,"Overall","KP"
"Employee","KHYBER PAKHTUNKHWA","Both Sexes",7,"Head","q3",33.8873894395496,"Overall","KP"
"Employee","KHYBER PAKHTUNKHWA","Both Sexes",7,"Head","q4",34.8205285122451,"Overall","KP"
"Employee","KHYBER PAKHTUNKHWA","Both Sexes",7,"Head","q5",36.6761628838655,"Overall","KP"
"Not Economically Active","KHYBER PAKHTUNKHWA","Both Sexes",8,"Other","total",2.73952248945972,"Overall","KP"
"Not Economically Active","KHYBER PAKHTUNKHWA","Both Sexes",8,"Other","q1",0.369551820981358,"Overall","KP"
"Not Economically Active","KHYBER PAKHTUNKHWA","Both Sexes",8,"Other","q2",0.867868429043852,"Overall","KP"
"Not Economically Active","KHYBER PAKHTUNKHWA","Both Sexes",8,"Other","q3",1.61847362992928,"Overall","KP"
"Not Economically Active","KHYBER PAKHTUNKHWA","Both Sexes",8,"Other","q4",2.95548302054805,"Overall","KP"
"Not Economically Active","KHYBER PAKHTUNKHWA","Both Sexes",8,"Other","q5",8.0511981767263,"Overall","KP"
"Employer","KHYBER PAKHTUNKHWA","Both Sexes",10,"Other","total",0.125381179074484,"Overall","KP"
"Employer","KHYBER PAKHTUNKHWA","Both Sexes",10,"Other","q1",0.0589971864981325,"Overall","KP"
"Employer","KHYBER PAKHTUNKHWA","Both Sexes",10,"Other","q2",0.0412396706165539,"Overall","KP"
"Employer","KHYBER PAKHTUNKHWA","Both Sexes",10,"Other","q3",0.102420101917007,"Overall","KP"
"Employer","KHYBER PAKHTUNKHWA","Both Sexes",10,"Other","q4",0.203953515448338,"Overall","KP"
"Employer","KHYBER PAKHTUNKHWA","Both Sexes",10,"Other","q5",0.23322539865035,"Overall","KP"
"Self Employed","KHYBER PAKHTUNKHWA","Both Sexes",11,"Other","total",3.0776537968268,"Overall","KP"
"Self Employed","KHYBER PAKHTUNKHWA","Both Sexes",11,"Other","q1",2.76322399454234,"Overall","KP"
"Self Employed","KHYBER PAKHTUNKHWA","Both Sexes",11,"Other","q2",3.36496802604634,"Overall","KP"
"Self Employed","KHYBER PAKHTUNKHWA","Both Sexes",11,"Other","q3",3.09909315664158,"Overall","KP"
"Self Employed","KHYBER PAKHTUNKHWA","Both Sexes",11,"Other","q4",3.3119921273709,"Overall","KP"
"Self Employed","KHYBER PAKHTUNKHWA","Both Sexes",11,"Other","q5",2.97421522667555,"Overall","KP"
"Contributing Family Worker","KHYBER PAKHTUNKHWA","Both Sexes",12,"Other","total",11.3763882865266,"Overall","KP"
"Contributing Family Worker","KHYBER PAKHTUNKHWA","Both Sexes",12,"Other","q1",17.1547346187632,"Overall","KP"
"Contributing Family Worker","KHYBER PAKHTUNKHWA","Both Sexes",12,"Other","q2",14.5523201555484,"Overall","KP"
"Contributing Family Worker","KHYBER PAKHTUNKHWA","Both Sexes",12,"Other","q3",9.7426733758355,"Overall","KP"
"Contributing Family Worker","KHYBER PAKHTUNKHWA","Both Sexes",12,"Other","q4",8.02334173681103,"Overall","KP"
"Contributing Family Worker","KHYBER PAKHTUNKHWA","Both Sexes",12,"Other","q5",5.72944938049901,"Overall","KP"
"Employee","KHYBER PAKHTUNKHWA","Both Sexes",13,"Other","total",38.4327632661308,"Overall","KP"
"Employee","KHYBER PAKHTUNKHWA","Both Sexes",13,"Other","q1",40.5674781371092,"Overall","KP"
"Employee","KHYBER PAKHTUNKHWA","Both Sexes",13,"Other","q2",39.3383076774196,"Overall","KP"
"Employee","KHYBER PAKHTUNKHWA","Both Sexes",13,"Other","q3",40.8982596967583,"Overall","KP"
"Employee","KHYBER PAKHTUNKHWA","Both Sexes",13,"Other","q4",38.6128001600737,"Overall","KP"
"Employee","KHYBER PAKHTUNKHWA","Both Sexes",13,"Other","q5",32.8441340085822,"Overall","KP"
"Not Economically Active","KHYBER PAKHTUNKHWA","Both Sexes",14,"Other","total",0.736266351493816,"Overall","KP"
"Not Economically Active","KHYBER PAKHTUNKHWA","Both Sexes",14,"Other","q1",0.234223872892158,"Overall","KP"
"Not Economically Active","KHYBER PAKHTUNKHWA","Both Sexes",14,"Other","q2",0.208784522581987,"Overall","KP"
"Not Economically Active","KHYBER PAKHTUNKHWA","Both Sexes",14,"Other","q3",0.740232125316491,"Overall","KP"
"Not Economically Active","KHYBER PAKHTUNKHWA","Both Sexes",14,"Other","q4",0.787672455100681,"Overall","KP"
"Not Economically Active","KHYBER PAKHTUNKHWA","Both Sexes",14,"Other","q5",1.77858212998456,"Overall","KP"
"Employer","KHYBER PAKHTUNKHWA","Male",4,"Head","total",0.788039320397518,"Overall","KP"
"Employer","KHYBER PAKHTUNKHWA","Male",4,"Head","q1",0.0456781110553717,"Overall","KP"
"Employer","KHYBER PAKHTUNKHWA","Male",4,"Head","q2",0.521920398849461,"Overall","KP"
"Employer","KHYBER PAKHTUNKHWA","Male",4,"Head","q3",0.527839345956417,"Overall","KP"
"Employer","KHYBER PAKHTUNKHWA","Male",4,"Head","q4",1.2234011401603,"Overall","KP"
"Employer","KHYBER PAKHTUNKHWA","Male",4,"Head","q5",1.54786419730315,"Overall","KP"
"Self Employed","KHYBER PAKHTUNKHWA","Male",5,"Head","total",11.9070099915941,"Overall","KP"
"Self Employed","KHYBER PAKHTUNKHWA","Male",5,"Head","q1",11.1739924433054,"Overall","KP"
"Self Employed","KHYBER PAKHTUNKHWA","Male",5,"Head","q2",12.0020322694621,"Overall","KP"
"Self Employed","KHYBER PAKHTUNKHWA","Male",5,"Head","q3",12.0760656836595,"Overall","KP"
"Self Employed","KHYBER PAKHTUNKHWA","Male",5,"Head","q4",12.4418456826892,"Overall","KP"
"Self Employed","KHYBER PAKHTUNKHWA","Male",5,"Head","q5",11.9633272505612,"Overall","KP"
"Contributing Family Worker","KHYBER PAKHTUNKHWA","Male",6,"Head","total",0.0391966761656563,"Overall","KP"
"Contributing Family Worker","KHYBER PAKHTUNKHWA","Male",6,"Head","q1",0.0791011191446681,"Overall","KP"
"Contributing Family Worker","KHYBER PAKHTUNKHWA","Male",6,"Head","q2",0.0264533987275105,"Overall","KP"
"Contributing Family Worker","KHYBER PAKHTUNKHWA","Male",6,"Head","q3",0,"Overall","KP"
"Contributing Family Worker","KHYBER PAKHTUNKHWA","Male",6,"Head","q4",0.0491374520231346,"Overall","KP"
"Contributing Family Worker","KHYBER PAKHTUNKHWA","Male",6,"Head","q5",0.0320699136016298,"Overall","KP"
"Employee","KHYBER PAKHTUNKHWA","Male",7,"Head","total",42.5193472001612,"Overall","KP"
"Employee","KHYBER PAKHTUNKHWA","Male",7,"Head","q1",44.4041992914941,"Overall","KP"
"Employee","KHYBER PAKHTUNKHWA","Male",7,"Head","q2",41.7860539008263,"Overall","KP"
"Employee","KHYBER PAKHTUNKHWA","Male",7,"Head","q3",42.5904387223168,"Overall","KP"
"Employee","KHYBER PAKHTUNKHWA","Male",7,"Head","q4",41.7060551910719,"Overall","KP"
"Employee","KHYBER PAKHTUNKHWA","Male",7,"Head","q5",41.9240639184912,"Overall","KP"
"Not Economically Active","KHYBER PAKHTUNKHWA","Male",8,"Other","total",3.23220663874542,"Overall","KP"
"Not Economically Active","KHYBER PAKHTUNKHWA","Male",8,"Other","q1",0.465941490548561,"Overall","KP"
"Not Economically Active","KHYBER PAKHTUNKHWA","Male",8,"Other","q2",1.00556074020883,"Overall","KP"
"Not Economically Active","KHYBER PAKHTUNKHWA","Male",8,"Other","q3",1.8443055475201,"Overall","KP"
"Not Economically Active","KHYBER PAKHTUNKHWA","Male",8,"Other","q4",3.25849870799926,"Overall","KP"
"Not Economically Active","KHYBER PAKHTUNKHWA","Male",8,"Other","q5",8.70225137933353,"Overall","KP"
"Employer","KHYBER PAKHTUNKHWA","Male",10,"Other","total",0.126698055029177,"Overall","KP"
"Employer","KHYBER PAKHTUNKHWA","Male",10,"Other","q1",0.0531363934160388,"Overall","KP"
"Employer","KHYBER PAKHTUNKHWA","Male",10,"Other","q2",0.0546384266196351,"Overall","KP"
"Employer","KHYBER PAKHTUNKHWA","Male",10,"Other","q3",0.131590759918683,"Overall","KP"
"Employer","KHYBER PAKHTUNKHWA","Male",10,"Other","q4",0.10173880873104,"Overall","KP"
"Employer","KHYBER PAKHTUNKHWA","Male",10,"Other","q5",0.272772762350041,"Overall","KP"
"Self Employed","KHYBER PAKHTUNKHWA","Male",11,"Other","total",2.92185628013142,"Overall","KP"
"Self Employed","KHYBER PAKHTUNKHWA","Male",11,"Other","q1",3.03561376248063,"Overall","KP"
"Self Employed","KHYBER PAKHTUNKHWA","Male",11,"Other","q2",3.46686896025248,"Overall","KP"
"Self Employed","KHYBER PAKHTUNKHWA","Male",11,"Other","q3",2.82588962416035,"Overall","KP"
"Self Employed","KHYBER PAKHTUNKHWA","Male",11,"Other","q4",2.52254394873707,"Overall","KP"
"Self Employed","KHYBER PAKHTUNKHWA","Male",11,"Other","q5",2.77660597975966,"Overall","KP"
"Contributing Family Worker","KHYBER PAKHTUNKHWA","Male",12,"Other","total",7.06734273633858,"Overall","KP"
"Contributing Family Worker","KHYBER PAKHTUNKHWA","Male",12,"Other","q1",8.8756035870315,"Overall","KP"
"Contributing Family Worker","KHYBER PAKHTUNKHWA","Male",12,"Other","q2",8.37876403678865,"Overall","KP"
"Contributing Family Worker","KHYBER PAKHTUNKHWA","Male",12,"Other","q3",6.37133891004706,"Overall","KP"
"Contributing Family Worker","KHYBER PAKHTUNKHWA","Male",12,"Other","q4",6.15564430769758,"Overall","KP"
"Contributing Family Worker","KHYBER PAKHTUNKHWA","Male",12,"Other","q5",5.54863054329052,"Overall","KP"
"Employee","KHYBER PAKHTUNKHWA","Male",13,"Other","total",30.8794398378922,"Overall","KP"
"Employee","KHYBER PAKHTUNKHWA","Male",13,"Other","q1",31.6835880960862,"Overall","KP"
"Employee","KHYBER PAKHTUNKHWA","Male",13,"Other","q2",32.6930480983949,"Overall","KP"
"Employee","KHYBER PAKHTUNKHWA","Male",13,"Other","q3",33.1786270750582,"Overall","KP"
"Employee","KHYBER PAKHTUNKHWA","Male",13,"Other","q4",32.0086933294481,"Overall","KP"
"Employee","KHYBER PAKHTUNKHWA","Male",13,"Other","q5",25.986982828019,"Overall","KP"
"Not Economically Active","KHYBER PAKHTUNKHWA","Male",14,"Other","total",0.518856420549679,"Overall","KP"
"Not Economically Active","KHYBER PAKHTUNKHWA","Male",14,"Other","q1",0.183207599896884,"Overall","KP"
"Not Economically Active","KHYBER PAKHTUNKHWA","Male",14,"Other","q2",0.0646229266964531,"Overall","KP"
"Not Economically Active","KHYBER PAKHTUNKHWA","Male",14,"Other","q3",0.453944231532705,"Overall","KP"
"Not Economically Active","KHYBER PAKHTUNKHWA","Male",14,"Other","q4",0.532441431442541,"Overall","KP"
"Not Economically Active","KHYBER PAKHTUNKHWA","Male",14,"Other","q5",1.24540147783398,"Overall","KP"
"Employer","KHYBER PAKHTUNKHWA","Female",4,"Head","total",NA,"Overall","KP"
"Employer","KHYBER PAKHTUNKHWA","Female",4,"Head","q1",NA,"Overall","KP"
"Employer","KHYBER PAKHTUNKHWA","Female",4,"Head","q2",NA,"Overall","KP"
"Employer","KHYBER PAKHTUNKHWA","Female",4,"Head","q3",NA,"Overall","KP"
"Employer","KHYBER PAKHTUNKHWA","Female",4,"Head","q4",NA,"Overall","KP"
"Employer","KHYBER PAKHTUNKHWA","Female",4,"Head","q5",NA,"Overall","KP"
"Self Employed","KHYBER PAKHTUNKHWA","Female",5,"Head","total",0.314586906691181,"Overall","KP"
"Self Employed","KHYBER PAKHTUNKHWA","Female",5,"Head","q1",0.342681329265915,"Overall","KP"
"Self Employed","KHYBER PAKHTUNKHWA","Female",5,"Head","q2",0.256054068458743,"Overall","KP"
"Self Employed","KHYBER PAKHTUNKHWA","Female",5,"Head","q3",0.21798334584823,"Overall","KP"
"Self Employed","KHYBER PAKHTUNKHWA","Female",5,"Head","q4",0.148838894838849,"Overall","KP"
"Self Employed","KHYBER PAKHTUNKHWA","Female",5,"Head","q5",0.630368571749382,"Overall","KP"
"Contributing Family Worker","KHYBER PAKHTUNKHWA","Female",6,"Head","total",0.248469157264233,"Overall","KP"
"Contributing Family Worker","KHYBER PAKHTUNKHWA","Female",6,"Head","q1",0.328547442093595,"Overall","KP"
"Contributing Family Worker","KHYBER PAKHTUNKHWA","Female",6,"Head","q2",0.17622144481173,"Overall","KP"
"Contributing Family Worker","KHYBER PAKHTUNKHWA","Female",6,"Head","q3",0.240117901532048,"Overall","KP"
"Contributing Family Worker","KHYBER PAKHTUNKHWA","Female",6,"Head","q4",0.126027716390721,"Overall","KP"
"Contributing Family Worker","KHYBER PAKHTUNKHWA","Female",6,"Head","q5",0.288955479452055,"Overall","KP"
"Employee","KHYBER PAKHTUNKHWA","Female",7,"Head","total",3.15649057839464,"Overall","KP"
"Employee","KHYBER PAKHTUNKHWA","Female",7,"Head","q1",2.55057772263817,"Overall","KP"
"Employee","KHYBER PAKHTUNKHWA","Female",7,"Head","q2",2.07474102591725,"Overall","KP"
"Employee","KHYBER PAKHTUNKHWA","Female",7,"Head","q3",3.33041007766707,"Overall","KP"
"Employee","KHYBER PAKHTUNKHWA","Female",7,"Head","q4",3.62649202903006,"Overall","KP"
"Employee","KHYBER PAKHTUNKHWA","Female",7,"Head","q5",5.72735375028071,"Overall","KP"
"Not Economically Active","KHYBER PAKHTUNKHWA","Female",8,"Other","total",1.06980420240798,"Overall","KP"
"Not Economically Active","KHYBER PAKHTUNKHWA","Female",8,"Other","q1",0.165811435623416,"Overall","KP"
"Not Economically Active","KHYBER PAKHTUNKHWA","Female",8,"Other","q2",0.443955570423374,"Overall","KP"
"Not Economically Active","KHYBER PAKHTUNKHWA","Female",8,"Other","q3",0.825562890156567,"Overall","KP"
"Not Economically Active","KHYBER PAKHTUNKHWA","Female",8,"Other","q4",1.58254572751481,"Overall","KP"
"Not Economically Active","KHYBER PAKHTUNKHWA","Female",8,"Other","q5",4.21169717044689,"Overall","KP"
"Employer","KHYBER PAKHTUNKHWA","Female",10,"Other","total",0.120918255177871,"Overall","KP"
"Employer","KHYBER PAKHTUNKHWA","Female",10,"Other","q1",0.0713892171527808,"Overall","KP"
"Employer","KHYBER PAKHTUNKHWA","Female",10,"Other","q2",0,"Overall","KP"
"Employer","KHYBER PAKHTUNKHWA","Female",10,"Other","q3",0,"Overall","KP"
"Employer","KHYBER PAKHTUNKHWA","Female",10,"Other","q4",0.667024742848453,"Overall","KP"
"Employer","KHYBER PAKHTUNKHWA","Female",10,"Other","q5",0,"Overall","KP"
"Self Employed","KHYBER PAKHTUNKHWA","Female",11,"Other","total",3.60567847339659,"Overall","KP"
"Self Employed","KHYBER PAKHTUNKHWA","Female",11,"Other","q1",2.18721903991645,"Overall","KP"
"Self Employed","KHYBER PAKHTUNKHWA","Female",11,"Other","q2",3.05132988223554,"Overall","KP"
"Self Employed","KHYBER PAKHTUNKHWA","Female",11,"Other","q3",4.05846884911518,"Overall","KP"
"Self Employed","KHYBER PAKHTUNKHWA","Female",11,"Other","q4",6.88849054711236,"Overall","KP"
"Self Employed","KHYBER PAKHTUNKHWA","Female",11,"Other","q5",4.13941443970357,"Overall","KP"
"Contributing Family Worker","KHYBER PAKHTUNKHWA","Female",12,"Other","total",25.9798228387543,"Overall","KP"
"Contributing Family Worker","KHYBER PAKHTUNKHWA","Female",12,"Other","q1",34.660086556972,"Overall","KP"
"Contributing Family Worker","KHYBER PAKHTUNKHWA","Female",12,"Other","q2",33.5536290391168,"Overall","KP"
"Contributing Family Worker","KHYBER PAKHTUNKHWA","Female",12,"Other","q3",21.5796507783518,"Overall","KP"
"Contributing Family Worker","KHYBER PAKHTUNKHWA","Female",12,"Other","q4",16.4847165104397,"Overall","KP"
"Contributing Family Worker","KHYBER PAKHTUNKHWA","Female",12,"Other","q5",6.79598023804177,"Overall","KP"
"Employee","KHYBER PAKHTUNKHWA","Female",13,"Other","total",64.0311558152544,"Overall","KP"
"Employee","KHYBER PAKHTUNKHWA","Female",13,"Other","q1",59.3515294043744,"Overall","KP"
"Employee","KHYBER PAKHTUNKHWA","Female",13,"Other","q2",59.791573349058,"Overall","KP"
"Employee","KHYBER PAKHTUNKHWA","Female",13,"Other","q3",68.0023983771728,"Overall","KP"
"Employee","KHYBER PAKHTUNKHWA","Female",13,"Other","q4",68.5318984401037,"Overall","KP"
"Employee","KHYBER PAKHTUNKHWA","Female",13,"Other","q5",73.283109701325,"Overall","KP"
"Not Economically Active","KHYBER PAKHTUNKHWA","Female",14,"Other","total",1.47307377265884,"Overall","KP"
"Not Economically Active","KHYBER PAKHTUNKHWA","Female",14,"Other","q1",0.342157851963236,"Overall","KP"
"Not Economically Active","KHYBER PAKHTUNKHWA","Female",14,"Other","q2",0.652495619978568,"Overall","KP"
"Not Economically Active","KHYBER PAKHTUNKHWA","Female",14,"Other","q3",1.74554787228081,"Overall","KP"
"Not Economically Active","KHYBER PAKHTUNKHWA","Female",14,"Other","q4",1.94396539172132,"Overall","KP"
"Not Economically Active","KHYBER PAKHTUNKHWA","Female",14,"Other","q5",4.92294520547945,"Overall","KP"
"Employer","KP URBAN","Both Sexes",4,"Head","total",0.960524604863514,"Urban","KP"
"Employer","KP URBAN","Both Sexes",4,"Head","q1",0,"Urban","KP"
"Employer","KP URBAN","Both Sexes",4,"Head","q2",0.49372910108944,"Urban","KP"
"Employer","KP URBAN","Both Sexes",4,"Head","q3",0.270067736477586,"Urban","KP"
"Employer","KP URBAN","Both Sexes",4,"Head","q4",1.43389632388994,"Urban","KP"
"Employer","KP URBAN","Both Sexes",4,"Head","q5",1.46902156128422,"Urban","KP"
"Self Employed","KP URBAN","Both Sexes",5,"Head","total",6.96254401118828,"Urban","KP"
"Self Employed","KP URBAN","Both Sexes",5,"Head","q1",4.2180716027942,"Urban","KP"
"Self Employed","KP URBAN","Both Sexes",5,"Head","q2",4.53545758020209,"Urban","KP"
"Self Employed","KP URBAN","Both Sexes",5,"Head","q3",5.47219408813353,"Urban","KP"
"Self Employed","KP URBAN","Both Sexes",5,"Head","q4",7.60514775132027,"Urban","KP"
"Self Employed","KP URBAN","Both Sexes",5,"Head","q5",9.10946078609606,"Urban","KP"
"Contributing Family Worker","KP URBAN","Both Sexes",6,"Head","total",0.0172849091408833,"Urban","KP"
"Contributing Family Worker","KP URBAN","Both Sexes",6,"Head","q1",0,"Urban","KP"
"Contributing Family Worker","KP URBAN","Both Sexes",6,"Head","q2",0,"Urban","KP"
"Contributing Family Worker","KP URBAN","Both Sexes",6,"Head","q3",0,"Urban","KP"
"Contributing Family Worker","KP URBAN","Both Sexes",6,"Head","q4",0,"Urban","KP"
"Contributing Family Worker","KP URBAN","Both Sexes",6,"Head","q5",0.0499036468748864,"Urban","KP"
"Employee","KP URBAN","Both Sexes",7,"Head","total",37.9862902439544,"Urban","KP"
"Employee","KP URBAN","Both Sexes",7,"Head","q1",36.8061370663097,"Urban","KP"
"Employee","KP URBAN","Both Sexes",7,"Head","q2",38.405245897965,"Urban","KP"
"Employee","KP URBAN","Both Sexes",7,"Head","q3",38.4599757624013,"Urban","KP"
"Employee","KP URBAN","Both Sexes",7,"Head","q4",37.7334668267247,"Urban","KP"
"Employee","KP URBAN","Both Sexes",7,"Head","q5",38.0507883988413,"Urban","KP"
"Not Economically Active","KP URBAN","Both Sexes",8,"Other","total",3.95021568355204,"Urban","KP"
"Not Economically Active","KP URBAN","Both Sexes",8,"Other","q1",0.66049788996864,"Urban","KP"
"Not Economically Active","KP URBAN","Both Sexes",8,"Other","q2",0.602855209686028,"Urban","KP"
"Not Economically Active","KP URBAN","Both Sexes",8,"Other","q3",1.73895989087226,"Urban","KP"
"Not Economically Active","KP URBAN","Both Sexes",8,"Other","q4",3.24908048125251,"Urban","KP"
"Not Economically Active","KP URBAN","Both Sexes",8,"Other","q5",7.90865238943631,"Urban","KP"
"Employer","KP URBAN","Both Sexes",10,"Other","total",0.17235583656389,"Urban","KP"
"Employer","KP URBAN","Both Sexes",10,"Other","q1",0,"Urban","KP"
"Employer","KP URBAN","Both Sexes",10,"Other","q2",0.103872926218703,"Urban","KP"
"Employer","KP URBAN","Both Sexes",10,"Other","q3",0.0868221229560503,"Urban","KP"
"Employer","KP URBAN","Both Sexes",10,"Other","q4",0.231541880657457,"Urban","KP"
"Employer","KP URBAN","Both Sexes",10,"Other","q5",0.254214691730599,"Urban","KP"
"Self Employed","KP URBAN","Both Sexes",11,"Other","total",2.95570896830712,"Urban","KP"
"Self Employed","KP URBAN","Both Sexes",11,"Other","q1",2.94464140528642,"Urban","KP"
"Self Employed","KP URBAN","Both Sexes",11,"Other","q2",3.08726026226688,"Urban","KP"
"Self Employed","KP URBAN","Both Sexes",11,"Other","q3",2.54834347136275,"Urban","KP"
"Self Employed","KP URBAN","Both Sexes",11,"Other","q4",3.31017609886432,"Urban","KP"
"Self Employed","KP URBAN","Both Sexes",11,"Other","q5",2.87762547116072,"Urban","KP"
"Contributing Family Worker","KP URBAN","Both Sexes",12,"Other","total",5.15159557972294,"Urban","KP"
"Contributing Family Worker","KP URBAN","Both Sexes",12,"Other","q1",5.97235665337412,"Urban","KP"
"Contributing Family Worker","KP URBAN","Both Sexes",12,"Other","q2",6.31838767925609,"Urban","KP"
"Contributing Family Worker","KP URBAN","Both Sexes",12,"Other","q3",4.66936753918119,"Urban","KP"
"Contributing Family Worker","KP URBAN","Both Sexes",12,"Other","q4",5.19225927207108,"Urban","KP"
"Contributing Family Worker","KP URBAN","Both Sexes",12,"Other","q5",4.64464482662497,"Urban","KP"
"Employee","KP URBAN","Both Sexes",13,"Other","total",40.7773675366738,"Urban","KP"
"Employee","KP URBAN","Both Sexes",13,"Other","q1",48.5972024800473,"Urban","KP"
"Employee","KP URBAN","Both Sexes",13,"Other","q2",46.2224015308474,"Urban","KP"
"Employee","KP URBAN","Both Sexes",13,"Other","q3",45.8145062613797,"Urban","KP"
"Employee","KP URBAN","Both Sexes",13,"Other","q4",40.4353371203172,"Urban","KP"
"Employee","KP URBAN","Both Sexes",13,"Other","q5",33.8997866899369,"Urban","KP"
"Not Economically Active","KP URBAN","Both Sexes",14,"Other","total",1.06611262603317,"Urban","KP"
"Not Economically Active","KP URBAN","Both Sexes",14,"Other","q1",0.801092902219543,"Urban","KP"
"Not Economically Active","KP URBAN","Both Sexes",14,"Other","q2",0.230719770036688,"Urban","KP"
"Not Economically Active","KP URBAN","Both Sexes",14,"Other","q3",0.939763127235684,"Urban","KP"
"Not Economically Active","KP URBAN","Both Sexes",14,"Other","q4",0.809094244902492,"Urban","KP"
"Not Economically Active","KP URBAN","Both Sexes",14,"Other","q5",1.73590153801403,"Urban","KP"
"Employer","KP URBAN","Male",4,"Head","total",1.14290523754145,"Urban","KP"
"Employer","KP URBAN","Male",4,"Head","q1",0,"Urban","KP"
"Employer","KP URBAN","Male",4,"Head","q2",0.598460761299141,"Urban","KP"
"Employer","KP URBAN","Male",4,"Head","q3",0.327806877477827,"Urban","KP"
"Employer","KP URBAN","Male",4,"Head","q4",1.6918858064697,"Urban","KP"
"Employer","KP URBAN","Male",4,"Head","q5",1.6931478203293,"Urban","KP"
"Self Employed","KP URBAN","Male",5,"Head","total",8.2352638538424,"Urban","KP"
"Self Employed","KP URBAN","Male",5,"Head","q1",5.10522611696331,"Urban","KP"
"Self Employed","KP URBAN","Male",5,"Head","q2",5.49753577477703,"Urban","KP"
"Self Employed","KP URBAN","Male",5,"Head","q3",6.64212201124051,"Urban","KP"
"Self Employed","KP URBAN","Male",5,"Head","q4",8.97353500018332,"Urban","KP"
"Self Employed","KP URBAN","Male",5,"Head","q5",10.4365208384335,"Urban","KP"
"Contributing Family Worker","KP URBAN","Male",6,"Head","total",44.3794734099458,"Urban","KP"
"Contributing Family Worker","KP URBAN","Male",6,"Head","q1",45.3225742371958,"Urban","KP"
"Contributing Family Worker","KP URBAN","Male",6,"Head","q2",46.1215514643144,"Urban","KP"
"Contributing Family Worker","KP URBAN","Male",6,"Head","q3",45.8435750775814,"Urban","KP"
"Contributing Family Worker","KP URBAN","Male",6,"Head","q4",43.7160452823027,"Urban","KP"
"Contributing Family Worker","KP URBAN","Male",6,"Head","q5",43.1409231345184,"Urban","KP"
"Employee","KP URBAN","Male",7,"Head","total",4.27318237370494,"Urban","KP"
"Employee","KP URBAN","Male",7,"Head","q1",0.613535234289866,"Urban","KP"
"Employee","KP URBAN","Male",7,"Head","q2",0.451159098530804,"Urban","KP"
"Employee","KP URBAN","Male",7,"Head","q3",1.87673523394524,"Urban","KP"
"Employee","KP URBAN","Male",7,"Head","q4",3.47963741375852,"Urban","KP"
"Employee","KP URBAN","Male",7,"Head","q5",8.43773125246422,"Urban","KP"
"Not Economically Active","KP URBAN","Male",8,"Other","total",NA,"Urban","KP"
"Not Economically Active","KP URBAN","Male",8,"Other","q1",NA,"Urban","KP"
"Not Economically Active","KP URBAN","Male",8,"Other","q2",NA,"Urban","KP"
"Not Economically Active","KP URBAN","Male",8,"Other","q3",NA,"Urban","KP"
"Not Economically Active","KP URBAN","Male",8,"Other","q4",NA,"Urban","KP"
"Not Economically Active","KP URBAN","Male",8,"Other","q5",NA,"Urban","KP"
"Employer","KP URBAN","Male",10,"Other","total",2.52558281311481,"Urban","KP"
"Employer","KP URBAN","Male",10,"Other","q1",3.23808685978932,"Urban","KP"
"Employer","KP URBAN","Male",10,"Other","q2",2.90570571080481,"Urban","KP"
"Employer","KP URBAN","Male",10,"Other","q3",2.02930435728036,"Urban","KP"
"Employer","KP URBAN","Male",10,"Other","q4",2.09044598625312,"Urban","KP"
"Employer","KP URBAN","Male",10,"Other","q5",2.71962501610801,"Urban","KP"
"Self Employed","KP URBAN","Male",11,"Other","total",4.38118669387775,"Urban","KP"
"Self Employed","KP URBAN","Male",11,"Other","q1",3.37841672720668,"Urban","KP"
"Self Employed","KP URBAN","Male",11,"Other","q2",4.36861922732425,"Urban","KP"
"Self Employed","KP URBAN","Male",11,"Other","q3",3.69065206778418,"Urban","KP"
"Self Employed","KP URBAN","Male",11,"Other","q4",4.41489510836394,"Urban","KP"
"Self Employed","KP URBAN","Male",11,"Other","q5",4.95068418426092,"Urban","KP"
"Contributing Family Worker","KP URBAN","Male",12,"Other","total",34.2512181236469,"Urban","KP"
"Contributing Family Worker","KP URBAN","Male",12,"Other","q1",41.8783202415547,"Urban","KP"
"Contributing Family Worker","KP URBAN","Male",12,"Other","q2",39.9310611238225,"Urban","KP"
"Contributing Family Worker","KP URBAN","Male",12,"Other","q3",38.9846443121279,"Urban","KP"
"Contributing Family Worker","KP URBAN","Male",12,"Other","q4",35.0328574910119,"Urban","KP"
"Contributing Family Worker","KP URBAN","Male",12,"Other","q5",27.2052252449202,"Urban","KP"
"Employee","KP URBAN","Male",13,"Other","total",0.647251696519474,"Urban","KP"
"Employee","KP URBAN","Male",13,"Other","q1",0.463840583000363,"Urban","KP"
"Employee","KP URBAN","Male",13,"Other","q2",0,"Urban","KP"
"Employee","KP URBAN","Male",13,"Other","q3",0.499846862384356,"Urban","KP"
"Employee","KP URBAN","Male",13,"Other","q4",0.505101699703884,"Urban","KP"
"Employee","KP URBAN","Male",13,"Other","q5",1.12314269021328,"Urban","KP"
"Not Economically Active","KP URBAN","Male",14,"Other","total",NA,"Urban","KP"
"Not Economically Active","KP URBAN","Male",14,"Other","q1",NA,"Urban","KP"
"Not Economically Active","KP URBAN","Male",14,"Other","q2",NA,"Urban","KP"
"Not Economically Active","KP URBAN","Male",14,"Other","q3",NA,"Urban","KP"
"Not Economically Active","KP URBAN","Male",14,"Other","q4",NA,"Urban","KP"
"Not Economically Active","KP URBAN","Male",14,"Other","q5",NA,"Urban","KP"
"Employer","KP URBAN","Female",4,"Head","total",NA,"Urban","KP"
"Employer","KP URBAN","Female",4,"Head","q1",NA,"Urban","KP"
"Employer","KP URBAN","Female",4,"Head","q2",NA,"Urban","KP"
"Employer","KP URBAN","Female",4,"Head","q3",NA,"Urban","KP"
"Employer","KP URBAN","Female",4,"Head","q4",NA,"Urban","KP"
"Employer","KP URBAN","Female",4,"Head","q5",NA,"Urban","KP"
"Self Employed","KP URBAN","Female",5,"Head","total",0.259712074079433,"Urban","KP"
"Self Employed","KP URBAN","Female",5,"Head","q1",1.08006645018495,"Urban","KP"
"Self Employed","KP URBAN","Female",5,"Head","q2",0,"Urban","KP"
"Self Employed","KP URBAN","Female",5,"Head","q3",0,"Urban","KP"
"Self Employed","KP URBAN","Female",5,"Head","q4",0,"Urban","KP"
"Self Employed","KP URBAN","Female",5,"Head","q5",0.41132858905367,"Urban","KP"
"Contributing Family Worker","KP URBAN","Female",6,"Head","total",0.108317494557819,"Urban","KP"
"Contributing Family Worker","KP URBAN","Female",6,"Head","q1",0,"Urban","KP"
"Contributing Family Worker","KP URBAN","Female",6,"Head","q2",0,"Urban","KP"
"Contributing Family Worker","KP URBAN","Female",6,"Head","q3",0,"Urban","KP"
"Contributing Family Worker","KP URBAN","Female",6,"Head","q4",0,"Urban","KP"
"Contributing Family Worker","KP URBAN","Female",6,"Head","q5",0.376993982287921,"Urban","KP"
"Employee","KP URBAN","Female",7,"Head","total",4.31599508066267,"Urban","KP"
"Employee","KP URBAN","Female",7,"Head","q1",6.68215832609776,"Urban","KP"
"Employee","KP URBAN","Female",7,"Head","q2",2.02880917026548,"Urban","KP"
"Employee","KP URBAN","Female",7,"Head","q3",3.92409733463184,"Urban","KP"
"Employee","KP URBAN","Female",7,"Head","q4",4.48220990898929,"Urban","KP"
"Employee","KP URBAN","Female",7,"Head","q5",4.68758941303845,"Urban","KP"
"Not Economically Active","KP URBAN","Female",8,"Other","total",2.24928150052942,"Urban","KP"
"Not Economically Active","KP URBAN","Female",8,"Other","q1",0.826612194913851,"Urban","KP"
"Not Economically Active","KP URBAN","Female",8,"Other","q2",1.31838575791172,"Urban","KP"
"Not Economically Active","KP URBAN","Female",8,"Other","q3",1.09486503644564,"Urban","KP"
"Not Economically Active","KP URBAN","Female",8,"Other","q4",1.96765329026033,"Urban","KP"
"Not Economically Active","KP URBAN","Female",8,"Other","q5",4.44083803908194,"Urban","KP"
"Employer","KP URBAN","Female",10,"Other","total",0.216634989115637,"Urban","KP"
"Employer","KP URBAN","Female",10,"Other","q1",0,"Urban","KP"
"Employer","KP URBAN","Female",10,"Other","q2",0,"Urban","KP"
"Employer","KP URBAN","Female",10,"Other","q3",0,"Urban","KP"
"Employer","KP URBAN","Female",10,"Other","q4",0.98712304875381,"Urban","KP"
"Employer","KP URBAN","Female",10,"Other","q5",0,"Urban","KP"
"Self Employed","KP URBAN","Female",11,"Other","total",5.22100846415395,"Urban","KP"
"Self Employed","KP URBAN","Female",11,"Other","q1",1.9066786450988,"Urban","KP"
"Self Employed","KP URBAN","Female",11,"Other","q2",3.94355035601218,"Urban","KP"
"Self Employed","KP URBAN","Female",11,"Other","q3",4.97608514287424,"Urban","KP"
"Self Employed","KP URBAN","Female",11,"Other","q4",10.0893924728122,"Urban","KP"
"Self Employed","KP URBAN","Female",11,"Other","q5",3.91345847916004,"Urban","KP"
"Contributing Family Worker","KP URBAN","Female",12,"Other","total",9.2090258002144,"Urban","KP"
"Contributing Family Worker","KP URBAN","Female",12,"Other","q1",15.1475304521524,"Urban","KP"
"Contributing Family Worker","KP URBAN","Female",12,"Other","q2",15.5100439862158,"Urban","KP"
"Contributing Family Worker","KP URBAN","Female",12,"Other","q3",9.24718888249977,"Urban","KP"
"Contributing Family Worker","KP URBAN","Female",12,"Other","q4",9.5128215117307,"Urban","KP"
"Contributing Family Worker","KP URBAN","Female",12,"Other","q5",2.63872897863701,"Urban","KP"
"Employee","KP URBAN","Female",13,"Other","total",75.1479418360703,"Urban","KP"
"Employee","KP URBAN","Female",13,"Other","q1",72.3629464935482,"Urban","KP"
"Employee","KP URBAN","Female",13,"Other","q2",75.8812252102253,"Urban","KP"
"Employee","KP URBAN","Female",13,"Other","q3",77.7603462086891,"Urban","KP"
"Employee","KP URBAN","Female",13,"Other","q4",70.4618261476729,"Urban","KP"
"Employee","KP URBAN","Female",13,"Other","q5",77.7788713985858,"Urban","KP"
"Not Economically Active","KP URBAN","Female",14,"Other","total",3.27208276061636,"Urban","KP"
"Not Economically Active","KP URBAN","Female",14,"Other","q1",1.99400743800409,"Urban","KP"
"Not Economically Active","KP URBAN","Female",14,"Other","q2",1.31838575791172,"Urban","KP"
"Not Economically Active","KP URBAN","Female",14,"Other","q3",2.99741739485939,"Urban","KP"
"Not Economically Active","KP URBAN","Female",14,"Other","q4",2.49867394672412,"Urban","KP"
"Not Economically Active","KP URBAN","Female",14,"Other","q5",5.7521911201551,"Urban","KP"
"Employer","KP RURAL","Both Sexes",4,"Head","total",0.251528555291108,"Rural","KP"
"Employer","KP RURAL","Both Sexes",4,"Head","q1",0.0382826347789956,"Rural","KP"
"Employer","KP RURAL","Both Sexes",4,"Head","q2",0.328222374001947,"Rural","KP"
"Employer","KP RURAL","Both Sexes",4,"Head","q3",0.569848430635041,"Rural","KP"
"Employer","KP RURAL","Both Sexes",4,"Head","q4",0.234136252665536,"Rural","KP"
"Employer","KP RURAL","Both Sexes",4,"Head","q5",0.56225536028398,"Rural","KP"
"Self Employed","KP RURAL","Both Sexes",5,"Head","total",11.6012597711277,"Rural","KP"
"Self Employed","KP RURAL","Both Sexes",5,"Head","q1",8.5116873564077,"Rural","KP"
"Self Employed","KP RURAL","Both Sexes",5,"Head","q2",12.1412762809643,"Rural","KP"
"Self Employed","KP RURAL","Both Sexes",5,"Head","q3",13.9382042499211,"Rural","KP"
"Self Employed","KP RURAL","Both Sexes",5,"Head","q4",14.8692779904606,"Rural","KP"
"Self Employed","KP RURAL","Both Sexes",5,"Head","q5",16.6529325071708,"Rural","KP"
"Contributing Family Worker","KP RURAL","Both Sexes",6,"Head","total",0.157455428333357,"Rural","KP"
"Contributing Family Worker","KP RURAL","Both Sexes",6,"Head","q1",0.19652271254773,"Rural","KP"
"Contributing Family Worker","KP RURAL","Both Sexes",6,"Head","q2",0.104780277326461,"Rural","KP"
"Contributing Family Worker","KP RURAL","Both Sexes",6,"Head","q3",0.113361212872384,"Rural","KP"
"Contributing Family Worker","KP RURAL","Both Sexes",6,"Head","q4",0.175195702949385,"Rural","KP"
"Contributing Family Worker","KP RURAL","Both Sexes",6,"Head","q5",0.170831814652235,"Rural","KP"
"Employee","KP RURAL","Both Sexes",7,"Head","total",29.0533359512054,"Rural","KP"
"Employee","KP RURAL","Both Sexes",7,"Head","q1",29.5959522079172,"Rural","KP"
"Employee","KP RURAL","Both Sexes",7,"Head","q2",27.8618689720787,"Rural","KP"
"Employee","KP RURAL","Both Sexes",7,"Head","q3",28.7217233549892,"Rural","KP"
"Employee","KP RURAL","Both Sexes",7,"Head","q4",29.6381538031288,"Rural","KP"
"Employee","KP RURAL","Both Sexes",7,"Head","q5",29.4868706717589,"Rural","KP"
"Not Economically Active","KP RURAL","Both Sexes",8,"Other","total",1.51187433788322,"Rural","KP"
"Not Economically Active","KP RURAL","Both Sexes",8,"Other","q1",0.301333096790224,"Rural","KP"
"Not Economically Active","KP RURAL","Both Sexes",8,"Other","q2",1.04231472176732,"Rural","KP"
"Not Economically Active","KP RURAL","Both Sexes",8,"Other","q3",1.48235989737966,"Rural","KP"
"Not Economically Active","KP RURAL","Both Sexes",8,"Other","q4",2.43306589228269,"Rural","KP"
"Not Economically Active","KP RURAL","Both Sexes",8,"Other","q5",8.79657068602127,"Rural","KP"
"Employer","KP RURAL","Both Sexes",10,"Other","total",0.0777486725739057,"Rural","KP"
"Employer","KP RURAL","Both Sexes",10,"Other","q1",0.0728303783600404,"Rural","KP"
"Employer","KP RURAL","Both Sexes",10,"Other","q2",0,"Rural","KP"
"Employer","KP RURAL","Both Sexes",10,"Other","q3",0.120041190993802,"Rural","KP"
"Employer","KP RURAL","Both Sexes",10,"Other","q4",0.154871375461057,"Rural","KP"
"Employer","KP RURAL","Both Sexes",10,"Other","q5",0.12344896439155,"Rural","KP"
"Self Employed","KP RURAL","Both Sexes",11,"Other","total",3.20130638202097,"Rural","KP"
"Self Employed","KP RURAL","Both Sexes",11,"Other","q1",2.72066074375171,"Rural","KP"
"Self Employed","KP RURAL","Both Sexes",11,"Other","q2",3.54777164356074,"Rural","KP"
"Self Employed","KP RURAL","Both Sexes",11,"Other","q3",3.72134305920511,"Rural","KP"
"Self Employed","KP RURAL","Both Sexes",11,"Other","q4",3.31522300258607,"Rural","KP"
"Self Employed","KP RURAL","Both Sexes",11,"Other","q5",3.47939083720267,"Rural","KP"
"Contributing Family Worker","KP RURAL","Both Sexes",12,"Other","total",17.6883444566293,"Rural","KP"
"Contributing Family Worker","KP RURAL","Both Sexes",12,"Other","q1",19.7766898178047,"Rural","KP"
"Contributing Family Worker","KP RURAL","Both Sexes",12,"Other","q2",19.9737864834365,"Rural","KP"
"Contributing Family Worker","KP RURAL","Both Sexes",12,"Other","q3",15.4740039722721,"Rural","KP"
"Contributing Family Worker","KP RURAL","Both Sexes",12,"Other","q4",13.0600876547596,"Rural","KP"
"Contributing Family Worker","KP RURAL","Both Sexes",12,"Other","q5",11.4031028635723,"Rural","KP"
"Employee","KP RURAL","Both Sexes",13,"Other","total",36.0553243633968,"Rural","KP"
"Employee","KP RURAL","Both Sexes",13,"Other","q1",38.6847321278972,"Rural","KP"
"Employee","KP RURAL","Both Sexes",13,"Other","q2",34.8055915404684,"Rural","KP"
"Employee","KP RURAL","Both Sexes",13,"Other","q3",35.3443594859988,"Rural","KP"
"Employee","KP RURAL","Both Sexes",13,"Other","q4",35.3703458306268,"Rural","KP"
"Employee","KP RURAL","Both Sexes",13,"Other","q5",27.3229481958069,"Rural","KP"
"Not Economically Active","KP RURAL","Both Sexes",14,"Other","total",0.401800798025316,"Rural","KP"
"Not Economically Active","KP RURAL","Both Sexes",14,"Other","q1",0.101308923744415,"Rural","KP"
"Not Economically Active","KP RURAL","Both Sexes",14,"Other","q2",0.194387706395701,"Rural","KP"
"Not Economically Active","KP RURAL","Both Sexes",14,"Other","q3",0.514821284129893,"Rural","KP"
"Not Economically Active","KP RURAL","Both Sexes",14,"Other","q4",0.749561197769527,"Rural","KP"
"Not Economically Active","KP RURAL","Both Sexes",14,"Other","q5",2.00180657021061,"Rural","KP"
"Employer","KP RURAL","Male",4,"Head","total",0.357824651387411,"Rural","KP"
"Employer","KP RURAL","Male",4,"Head","q1",0.0584198383638646,"Rural","KP"
"Employer","KP RURAL","Male",4,"Head","q2",0.463240194955323,"Rural","KP"
"Employer","KP RURAL","Male",4,"Head","q3",0.783968320982981,"Rural","KP"
"Employer","KP RURAL","Male",4,"Head","q4",0.304558221379987,"Rural","KP"
"Employer","KP RURAL","Male",4,"Head","q5",0.712559974132547,"Rural","KP"
"Self Employed","KP RURAL","Male",5,"Head","total",16.3583817654156,"Rural","KP"
"Self Employed","KP RURAL","Male",5,"Head","q1",12.866811080296,"Rural","KP"
"Self Employed","KP RURAL","Male",5,"Head","q2",16.9887499739643,"Rural","KP"
"Self Employed","KP RURAL","Male",5,"Head","q3",19.0338882499381,"Rural","KP"
"Self Employed","KP RURAL","Male",5,"Head","q4",19.2442726134479,"Rural","KP"
"Self Employed","KP RURAL","Male",5,"Head","q5",20.7437696189973,"Rural","KP"
"Contributing Family Worker","KP RURAL","Male",6,"Head","total",0.086716009610217,"Rural","KP"
"Contributing Family Worker","KP RURAL","Male",6,"Head","q1",0.101166061556936,"Rural","KP"
"Contributing Family Worker","KP RURAL","Male",6,"Head","q2",0.046734081772927,"Rural","KP"
"Contributing Family Worker","KP RURAL","Male",6,"Head","q3",0,"Rural","KP"
"Contributing Family Worker","KP RURAL","Male",6,"Head","q4",0.145511150214883,"Rural","KP"
"Contributing Family Worker","KP RURAL","Male",6,"Head","q5",0.216499338251095,"Rural","KP"
"Employee","KP RURAL","Male",7,"Head","total",40.2642658281697,"Rural","KP"
"Employee","KP RURAL","Male",7,"Head","q1",44.1480222549504,"Rural","KP"
"Employee","KP RURAL","Male",7,"Head","q2",38.4622143883693,"Rural","KP"
"Employee","KP RURAL","Male",7,"Head","q3",38.4250935375388,"Rural","KP"
"Employee","KP RURAL","Male",7,"Head","q4",37.7638447091469,"Rural","KP"
"Employee","KP RURAL","Male",7,"Head","q5",34.9258821143028,"Rural","KP"
"Not Economically Active","KP RURAL","Male",8,"Other","total",1.97020045507738,"Rural","KP"
"Not Economically Active","KP RURAL","Male",8,"Other","q1",0.424770803063004,"Rural","KP"
"Not Economically Active","KP RURAL","Male",8,"Other","q2",1.43066172335506,"Rural","KP"
"Not Economically Active","KP RURAL","Male",8,"Other","q3",1.8027813769308,"Rural","KP"
"Not Economically Active","KP RURAL","Male",8,"Other","q4",2.82477750329938,"Rural","KP"
"Not Economically Active","KP RURAL","Male",8,"Other","q5",10.2234682872653,"Rural","KP"
"Employer","KP RURAL","Male",10,"Other","total",0.0815384825001098,"Rural","KP"
"Employer","KP RURAL","Male",10,"Other","q1",0.0679585789097259,"Rural","KP"
"Employer","KP RURAL","Male",10,"Other","q2",0,"Rural","KP"
"Employer","KP RURAL","Male",10,"Other","q3",0.165146530012083,"Rural","KP"
"Employer","KP RURAL","Male",10,"Other","q4",0.113786335487801,"Rural","KP"
"Employer","KP RURAL","Male",10,"Other","q5",0.156449892854919,"Rural","KP"
"Self Employed","KP RURAL","Male",11,"Other","total",3.40227114800309,"Rural","KP"
"Self Employed","KP RURAL","Male",11,"Other","q1",2.97913469770306,"Rural","KP"
"Self Employed","KP RURAL","Male",11,"Other","q2",3.897088688009,"Rural","KP"
"Self Employed","KP RURAL","Male",11,"Other","q3",3.84586687824834,"Rural","KP"
"Self Employed","KP RURAL","Male",11,"Other","q4",3.3700213190755,"Rural","KP"
"Self Employed","KP RURAL","Male",11,"Other","q5",3.10449607670262,"Rural","KP"
"Contributing Family Worker","KP RURAL","Male",12,"Other","total",10.3238528068404,"Rural","KP"
"Contributing Family Worker","KP RURAL","Male",12,"Other","q1",10.4090219862033,"Rural","KP"
"Contributing Family Worker","KP RURAL","Male",12,"Other","q2",11.4531695861365,"Rural","KP"
"Contributing Family Worker","KP RURAL","Male",12,"Other","q3",9.80378954417738,"Rural","KP"
"Contributing Family Worker","KP RURAL","Male",12,"Other","q4",9.56979036242429,"Rural","KP"
"Contributing Family Worker","KP RURAL","Male",12,"Other","q5",8.98713254860692,"Rural","KP"
"Employee","KP RURAL","Male",13,"Other","total",26.7917347289443,"Rural","KP"
"Employee","KP RURAL","Male",13,"Other","q1",28.8398081327856,"Rural","KP"
"Employee","KP RURAL","Male",13,"Other","q2",27.1439748182708,"Rural","KP"
"Employee","KP RURAL","Male",13,"Other","q3",25.7443877476743,"Rural","KP"
"Employee","KP RURAL","Male",13,"Other","q4",26.0773747081317,"Rural","KP"
"Employee","KP RURAL","Male",13,"Other","q5",18.9810472703611,"Rural","KP"
"Not Economically Active","KP RURAL","Male",14,"Other","total",0.363198985083575,"Rural","KP"
"Not Economically Active","KP RURAL","Male",14,"Other","q1",0.104926146004475,"Rural","KP"
"Not Economically Active","KP RURAL","Male",14,"Other","q2",0.114166545166733,"Rural","KP"
"Not Economically Active","KP RURAL","Male",14,"Other","q3",0.395077814497227,"Rural","KP"
"Not Economically Active","KP RURAL","Male",14,"Other","q4",0.586063077391628,"Rural","KP"
"Not Economically Active","KP RURAL","Male",14,"Other","q5",1.94849404425985,"Rural","KP"
"Employer","KP RURAL","Female",4,"Head","total",NA,"Rural","KP"
"Employer","KP RURAL","Female",4,"Head","q1",NA,"Rural","KP"
"Employer","KP RURAL","Female",4,"Head","q2",NA,"Rural","KP"
"Employer","KP RURAL","Female",4,"Head","q3",NA,"Rural","KP"
"Employer","KP RURAL","Female",4,"Head","q4",NA,"Rural","KP"
"Employer","KP RURAL","Female",4,"Head","q5",NA,"Rural","KP"
"Self Employed","KP RURAL","Female",5,"Head","total",0.344477505432614,"Rural","KP"
"Self Employed","KP RURAL","Female",5,"Head","q1",0.23213029394392,"Rural","KP"
"Self Employed","KP RURAL","Female",5,"Head","q2",0.357281307605282,"Rural","KP"
"Self Employed","KP RURAL","Female",5,"Head","q3",0.376794678380558,"Rural","KP"
"Self Employed","KP RURAL","Female",5,"Head","q4",0.323464160522606,"Rural","KP"
"Self Employed","KP RURAL","Female",5,"Head","q5",1.35004169577858,"Rural","KP"
"Contributing Family Worker","KP RURAL","Female",6,"Head","total",0.324810476472287,"Rural","KP"
"Contributing Family Worker","KP RURAL","Female",6,"Head","q1",0.377804280678257,"Rural","KP"
"Contributing Family Worker","KP RURAL","Female",6,"Head","q2",0.245888021265991,"Rural","KP"
"Contributing Family Worker","KP RURAL","Female",6,"Head","q3",0.41505532052974,"Rural","KP"
"Contributing Family Worker","KP RURAL","Female",6,"Head","q4",0.273889762007728,"Rural","KP"
"Contributing Family Worker","KP RURAL","Female",6,"Head","q5",0,"Rural","KP"
"Employee","KP RURAL","Female",7,"Head","total",2.52490261417445,"Rural","KP"
"Employee","KP RURAL","Female",7,"Head","q1",1.93115850699213,"Rural","KP"
"Employee","KP RURAL","Female",7,"Head","q2",2.09289630455937,"Rural","KP"
"Employee","KP RURAL","Female",7,"Head","q3",2.89763825289316,"Rural","KP"
"Employee","KP RURAL","Female",7,"Head","q4",2.62216924910608,"Rural","KP"
"Employee","KP RURAL","Female",7,"Head","q5",9.14001517576085,"Rural","KP"
"Not Economically Active","KP RURAL","Female",8,"Other","total",0.427336955314647,"Rural","KP"
"Not Economically Active","KP RURAL","Female",8,"Other","q1",0.0667421623106182,"Rural","KP"
"Not Economically Active","KP RURAL","Female",8,"Other","q2",0.0984185001463619,"Rural","KP"
"Not Economically Active","KP RURAL","Female",8,"Other","q3",0.629363347757757,"Rural","KP"
"Not Economically Active","KP RURAL","Female",8,"Other","q4",1.13106978739263,"Rural","KP"
"Not Economically Active","KP RURAL","Female",8,"Other","q5",3.45962270954946,"Rural","KP"
"Employer","KP RURAL","Female",10,"Other","total",0.0687808663093405,"Rural","KP"
"Employer","KP RURAL","Female",10,"Other","q1",0.0820921071937818,"Rural","KP"
"Employer","KP RURAL","Female",10,"Other","q2",0,"Rural","KP"
"Employer","KP RURAL","Female",10,"Other","q3",0,"Rural","KP"
"Employer","KP RURAL","Female",10,"Other","q4",0.291469335949174,"Rural","KP"
"Employer","KP RURAL","Female",10,"Other","q5",0,"Rural","KP"
"Self Employed","KP RURAL","Female",11,"Other","total",2.72576423781844,"Rural","KP"
"Self Employed","KP RURAL","Female",11,"Other","q1",2.22927851496808,"Rural","KP"
"Self Employed","KP RURAL","Female",11,"Other","q2",2.69859729902926,"Rural","KP"
"Self Employed","KP RURAL","Female",11,"Other","q3",3.38994132561017,"Rural","KP"
"Self Employed","KP RURAL","Female",11,"Other","q4",3.1330316678445,"Rural","KP"
"Self Employed","KP RURAL","Female",11,"Other","q5",4.88178683314927,"Rural","KP"
"Contributing Family Worker","KP RURAL","Female",12,"Other","total",35.1149607698298,"Rural","KP"
"Contributing Family Worker","KP RURAL","Female",12,"Other","q1",37.5854687188439,"Rural","KP"
"Contributing Family Worker","KP RURAL","Female",12,"Other","q2",40.6870307518256,"Rural","KP"
"Contributing Family Worker","KP RURAL","Female",12,"Other","q3",30.5644413340856,"Rural","KP"
"Contributing Family Worker","KP RURAL","Female",12,"Other","q4",24.6644938313275,"Rural","KP"
"Contributing Family Worker","KP RURAL","Female",12,"Other","q5",20.4406980849993,"Rural","KP"
"Employee","KP RURAL","Female",13,"Other","total",57.9757862691897,"Rural","KP"
"Employee","KP RURAL","Female",13,"Other","q1",57.4008179112788,"Rural","KP"
"Employee","KP RURAL","Female",13,"Other","q2",53.4306442297803,"Rural","KP"
"Employee","KP RURAL","Female",13,"Other","q3",60.8932649162019,"Rural","KP"
"Employee","KP RURAL","Female",13,"Other","q4",66.2676103381958,"Rural","KP"
"Employee","KP RURAL","Female",13,"Other","q5",58.5273501769253,"Rural","KP"
"Not Economically Active","KP RURAL","Female",14,"Other","total",0.493144482090824,"Rural","KP"
"Not Economically Active","KP RURAL","Female",14,"Other","q1",0.0945075037904582,"Rural","KP"
"Not Economically Active","KP RURAL","Female",14,"Other","q2",0.389243585787862,"Rural","KP"
"Not Economically Active","KP RURAL","Female",14,"Other","q3",0.833500824541054,"Rural","KP"
"Not Economically Active","KP RURAL","Female",14,"Other","q4",1.29315345913276,"Rural","KP"
"Not Economically Active","KP RURAL","Female",14,"Other","q5",2.20123659912702,"Rural","KP"
"Employer","BALOCHISTAN","Both Sexes",4,"Head","total",0.924350930099122,"Overall","Balochistan"
"Employer","BALOCHISTAN","Both Sexes",4,"Head","q1",0.0758578823370962,"Overall","Balochistan"
"Employer","BALOCHISTAN","Both Sexes",4,"Head","q2",0.322319013771143,"Overall","Balochistan"
"Employer","BALOCHISTAN","Both Sexes",4,"Head","q3",0.387232688198118,"Overall","Balochistan"
"Employer","BALOCHISTAN","Both Sexes",4,"Head","q4",1.58567089512239,"Overall","Balochistan"
"Employer","BALOCHISTAN","Both Sexes",4,"Head","q5",3.95892745756206,"Overall","Balochistan"
"Self Employed","BALOCHISTAN","Both Sexes",5,"Head","total",14.0029859313987,"Overall","Balochistan"
"Self Employed","BALOCHISTAN","Both Sexes",5,"Head","q1",12.4429704203774,"Overall","Balochistan"
"Self Employed","BALOCHISTAN","Both Sexes",5,"Head","q2",13.1966703520157,"Overall","Balochistan"
"Self Employed","BALOCHISTAN","Both Sexes",5,"Head","q3",13.9857181107693,"Overall","Balochistan"
"Self Employed","BALOCHISTAN","Both Sexes",5,"Head","q4",16.201139499335,"Overall","Balochistan"
"Self Employed","BALOCHISTAN","Both Sexes",5,"Head","q5",16.1446718139469,"Overall","Balochistan"
"Contributing Family Worker","BALOCHISTAN","Both Sexes",6,"Head","total",0.0874872164649064,"Overall","Balochistan"
"Contributing Family Worker","BALOCHISTAN","Both Sexes",6,"Head","q1",0,"Overall","Balochistan"
"Contributing Family Worker","BALOCHISTAN","Both Sexes",6,"Head","q2",0.0650108193572345,"Overall","Balochistan"
"Contributing Family Worker","BALOCHISTAN","Both Sexes",6,"Head","q3",0.0967450225569987,"Overall","Balochistan"
"Contributing Family Worker","BALOCHISTAN","Both Sexes",6,"Head","q4",0.326232968720015,"Overall","Balochistan"
"Contributing Family Worker","BALOCHISTAN","Both Sexes",6,"Head","q5",0,"Overall","Balochistan"
"Employee","BALOCHISTAN","Both Sexes",7,"Head","total",31.3454757039189,"Overall","Balochistan"
"Employee","BALOCHISTAN","Both Sexes",7,"Head","q1",28.1330741357301,"Overall","Balochistan"
"Employee","BALOCHISTAN","Both Sexes",7,"Head","q2",30.8950769557684,"Overall","Balochistan"
"Employee","BALOCHISTAN","Both Sexes",7,"Head","q3",33.3854948141637,"Overall","Balochistan"
"Employee","BALOCHISTAN","Both Sexes",7,"Head","q4",35.8116782138579,"Overall","Balochistan"
"Employee","BALOCHISTAN","Both Sexes",7,"Head","q5",30.0041514810774,"Overall","Balochistan"
"Not Economically Active","BALOCHISTAN","Both Sexes",8,"Other","total",2.01150211848887,"Overall","Balochistan"
"Not Economically Active","BALOCHISTAN","Both Sexes",8,"Other","q1",0.653803837062022,"Overall","Balochistan"
"Not Economically Active","BALOCHISTAN","Both Sexes",8,"Other","q2",1.54721542250195,"Overall","Balochistan"
"Not Economically Active","BALOCHISTAN","Both Sexes",8,"Other","q3",2.22311473504999,"Overall","Balochistan"
"Not Economically Active","BALOCHISTAN","Both Sexes",8,"Other","q4",2.79233584129064,"Overall","Balochistan"
"Not Economically Active","BALOCHISTAN","Both Sexes",8,"Other","q5",4.45835688968534,"Overall","Balochistan"
"Employer","BALOCHISTAN","Both Sexes",10,"Other","total",0.187409296533436,"Overall","Balochistan"
"Employer","BALOCHISTAN","Both Sexes",10,"Other","q1",0.0410979388640926,"Overall","Balochistan"
"Employer","BALOCHISTAN","Both Sexes",10,"Other","q2",0.136122977747996,"Overall","Balochistan"
"Employer","BALOCHISTAN","Both Sexes",10,"Other","q3",0.215844965469858,"Overall","Balochistan"
"Employer","BALOCHISTAN","Both Sexes",10,"Other","q4",0.0737829128038169,"Overall","Balochistan"
"Employer","BALOCHISTAN","Both Sexes",10,"Other","q5",0.693651989060117,"Overall","Balochistan"
"Self Employed","BALOCHISTAN","Both Sexes",11,"Other","total",6.13103947899746,"Overall","Balochistan"
"Self Employed","BALOCHISTAN","Both Sexes",11,"Other","q1",5.4187879970251,"Overall","Balochistan"
"Self Employed","BALOCHISTAN","Both Sexes",11,"Other","q2",6.21978916717774,"Overall","Balochistan"
"Self Employed","BALOCHISTAN","Both Sexes",11,"Other","q3",6.2070899198254,"Overall","Balochistan"
"Self Employed","BALOCHISTAN","Both Sexes",11,"Other","q4",6.34946631462622,"Overall","Balochistan"
"Self Employed","BALOCHISTAN","Both Sexes",11,"Other","q5",7.0543885744565,"Overall","Balochistan"
"Contributing Family Worker","BALOCHISTAN","Both Sexes",12,"Other","total",14.9657884837522,"Overall","Balochistan"
"Contributing Family Worker","BALOCHISTAN","Both Sexes",12,"Other","q1",21.3863770730939,"Overall","Balochistan"
"Contributing Family Worker","BALOCHISTAN","Both Sexes",12,"Other","q2",15.6545632230218,"Overall","Balochistan"
"Contributing Family Worker","BALOCHISTAN","Both Sexes",12,"Other","q3",12.8963893646151,"Overall","Balochistan"
"Contributing Family Worker","BALOCHISTAN","Both Sexes",12,"Other","q4",11.3430475320774,"Overall","Balochistan"
"Contributing Family Worker","BALOCHISTAN","Both Sexes",12,"Other","q5",8.06096627286705,"Overall","Balochistan"
"Employee","BALOCHISTAN","Both Sexes",13,"Other","total",29.7319934963317,"Overall","Balochistan"
"Employee","BALOCHISTAN","Both Sexes",13,"Other","q1",31.6163967902015,"Overall","Balochistan"
"Employee","BALOCHISTAN","Both Sexes",13,"Other","q2",31.7542086089894,"Overall","Balochistan"
"Employee","BALOCHISTAN","Both Sexes",13,"Other","q3",30.2733615232668,"Overall","Balochistan"
"Employee","BALOCHISTAN","Both Sexes",13,"Other","q4",24.5010554596047,"Overall","Balochistan"
"Employee","BALOCHISTAN","Both Sexes",13,"Other","q5",27.454015567011,"Overall","Balochistan"
"Not Economically Active","BALOCHISTAN","Both Sexes",14,"Other","total",0.611993412911247,"Overall","Balochistan"
"Not Economically Active","BALOCHISTAN","Both Sexes",14,"Other","q1",0.231633925308705,"Overall","Balochistan"
"Not Economically Active","BALOCHISTAN","Both Sexes",14,"Other","q2",0.208918264148006,"Overall","Balochistan"
"Not Economically Active","BALOCHISTAN","Both Sexes",14,"Other","q3",0.329135155069894,"Overall","Balochistan"
"Not Economically Active","BALOCHISTAN","Both Sexes",14,"Other","q4",1.01575579510187,"Overall","Balochistan"
"Not Economically Active","BALOCHISTAN","Both Sexes",14,"Other","q5",2.17066133719414,"Overall","Balochistan"
"Employer","BALOCHISTAN","Male",4,"Head","total",1.07651587510254,"Overall","Balochistan"
"Employer","BALOCHISTAN","Male",4,"Head","q1",0.0944373212348358,"Overall","Balochistan"
"Employer","BALOCHISTAN","Male",4,"Head","q2",0.370363655044452,"Overall","Balochistan"
"Employer","BALOCHISTAN","Male",4,"Head","q3",0.435829568747637,"Overall","Balochistan"
"Employer","BALOCHISTAN","Male",4,"Head","q4",1.76472537669568,"Overall","Balochistan"
"Employer","BALOCHISTAN","Male",4,"Head","q5",4.64291830792944,"Overall","Balochistan"
"Self Employed","BALOCHISTAN","Male",5,"Head","total",16.1872672502728,"Overall","Balochistan"
"Self Employed","BALOCHISTAN","Male",5,"Head","q1",15.3820643061446,"Overall","Balochistan"
"Self Employed","BALOCHISTAN","Male",5,"Head","q2",15.0878465359999,"Overall","Balochistan"
"Self Employed","BALOCHISTAN","Male",5,"Head","q3",15.6530478218472,"Overall","Balochistan"
"Self Employed","BALOCHISTAN","Male",5,"Head","q4",17.8030135654633,"Overall","Balochistan"
"Self Employed","BALOCHISTAN","Male",5,"Head","q5",18.7828150612874,"Overall","Balochistan"
"Contributing Family Worker","BALOCHISTAN","Male",6,"Head","total",0.0643638573866938,"Overall","Balochistan"
"Contributing Family Worker","BALOCHISTAN","Male",6,"Head","q1",0,"Overall","Balochistan"
"Contributing Family Worker","BALOCHISTAN","Male",6,"Head","q2",0,"Overall","Balochistan"
"Contributing Family Worker","BALOCHISTAN","Male",6,"Head","q3",0.108886317567087,"Overall","Balochistan"
"Contributing Family Worker","BALOCHISTAN","Male",6,"Head","q4",0.24928932290516,"Overall","Balochistan"
"Contributing Family Worker","BALOCHISTAN","Male",6,"Head","q5",0,"Overall","Balochistan"
"Employee","BALOCHISTAN","Male",7,"Head","total",36.2389465701047,"Overall","Balochistan"
"Employee","BALOCHISTAN","Male",7,"Head","q1",34.7794407732518,"Overall","Balochistan"
"Employee","BALOCHISTAN","Male",7,"Head","q2",35.3158184202733,"Overall","Balochistan"
"Employee","BALOCHISTAN","Male",7,"Head","q3",37.0890110108801,"Overall","Balochistan"
"Employee","BALOCHISTAN","Male",7,"Head","q4",39.7145140146996,"Overall","Balochistan"
"Employee","BALOCHISTAN","Male",7,"Head","q5",34.9220756978935,"Overall","Balochistan"
"Not Economically Active","BALOCHISTAN","Male",8,"Other","total",2.22182821286464,"Overall","Balochistan"
"Not Economically Active","BALOCHISTAN","Male",8,"Other","q1",0.57389782029786,"Overall","Balochistan"
"Not Economically Active","BALOCHISTAN","Male",8,"Other","q2",1.70314095939175,"Overall","Balochistan"
"Not Economically Active","BALOCHISTAN","Male",8,"Other","q3",2.30125404059214,"Overall","Balochistan"
"Not Economically Active","BALOCHISTAN","Male",8,"Other","q4",3.10746321417525,"Overall","Balochistan"
"Not Economically Active","BALOCHISTAN","Male",8,"Other","q5",5.22863504024662,"Overall","Balochistan"
"Employer","BALOCHISTAN","Male",10,"Other","total",0.190753828283301,"Overall","Balochistan"
"Employer","BALOCHISTAN","Male",10,"Other","q1",0.0511638228622152,"Overall","Balochistan"
"Employer","BALOCHISTAN","Male",10,"Other","q2",0.156413371288355,"Overall","Balochistan"
"Employer","BALOCHISTAN","Male",10,"Other","q3",0.242933050551113,"Overall","Balochistan"
"Employer","BALOCHISTAN","Male",10,"Other","q4",0.0821145037043583,"Overall","Balochistan"
"Employer","BALOCHISTAN","Male",10,"Other","q5",0.591833239546889,"Overall","Balochistan"
"Self Employed","BALOCHISTAN","Male",11,"Other","total",4.8016955625978,"Overall","Balochistan"
"Self Employed","BALOCHISTAN","Male",11,"Other","q1",3.8994230200217,"Overall","Balochistan"
"Self Employed","BALOCHISTAN","Male",11,"Other","q2",4.73398243673659,"Overall","Balochistan"
"Self Employed","BALOCHISTAN","Male",11,"Other","q3",4.73001594914469,"Overall","Balochistan"
"Self Employed","BALOCHISTAN","Male",11,"Other","q4",5.39230848541087,"Overall","Balochistan"
"Self Employed","BALOCHISTAN","Male",11,"Other","q5",6.06806449245223,"Overall","Balochistan"
"Contributing Family Worker","BALOCHISTAN","Male",12,"Other","total",9.00805580467877,"Overall","Balochistan"
"Contributing Family Worker","BALOCHISTAN","Male",12,"Other","q1",11.1037824243022,"Overall","Balochistan"
"Contributing Family Worker","BALOCHISTAN","Male",12,"Other","q2",9.65012480433219,"Overall","Balochistan"
"Contributing Family Worker","BALOCHISTAN","Male",12,"Other","q3",8.40571098785193,"Overall","Balochistan"
"Contributing Family Worker","BALOCHISTAN","Male",12,"Other","q4",7.22294640095444,"Overall","Balochistan"
"Contributing Family Worker","BALOCHISTAN","Male",12,"Other","q5",6.95813862451985,"Overall","Balochistan"
"Employee","BALOCHISTAN","Male",13,"Other","total",29.6886489479849,"Overall","Balochistan"
"Employee","BALOCHISTAN","Male",13,"Other","q1",33.9810385639609,"Overall","Balochistan"
"Employee","BALOCHISTAN","Male",13,"Other","q2",32.7993037550088,"Overall","Balochistan"
"Employee","BALOCHISTAN","Male",13,"Other","q3",30.7720409503529,"Overall","Balochistan"
"Employee","BALOCHISTAN","Male",13,"Other","q4",23.6152843444832,"Overall","Balochistan"
"Employee","BALOCHISTAN","Male",13,"Other","q5",21.0801751767671,"Overall","Balochistan"
"Not Economically Active","BALOCHISTAN","Male",14,"Other","total",0.521893730413805,"Overall","Balochistan"
"Not Economically Active","BALOCHISTAN","Male",14,"Other","q1",0.134751947923858,"Overall","Balochistan"
"Not Economically Active","BALOCHISTAN","Male",14,"Other","q2",0.183126937791235,"Overall","Balochistan"
"Not Economically Active","BALOCHISTAN","Male",14,"Other","q3",0.261270302465152,"Overall","Balochistan"
"Not Economically Active","BALOCHISTAN","Male",14,"Other","q4",1.04834077150811,"Overall","Balochistan"
"Not Economically Active","BALOCHISTAN","Male",14,"Other","q5",1.72509969906784,"Overall","Balochistan"
"Employer","BALOCHISTAN","Female",4,"Head","total",NA,"Overall","Balochistan"
"Employer","BALOCHISTAN","Female",4,"Head","q1",NA,"Overall","Balochistan"
"Employer","BALOCHISTAN","Female",4,"Head","q2",NA,"Overall","Balochistan"
"Employer","BALOCHISTAN","Female",4,"Head","q3",NA,"Overall","Balochistan"
"Employer","BALOCHISTAN","Female",4,"Head","q4",NA,"Overall","Balochistan"
"Employer","BALOCHISTAN","Female",4,"Head","q5",NA,"Overall","Balochistan"
"Self Employed","BALOCHISTAN","Female",5,"Head","total",0.734026170430549,"Overall","Balochistan"
"Self Employed","BALOCHISTAN","Female",5,"Head","q1",0.442961195592536,"Overall","Balochistan"
"Self Employed","BALOCHISTAN","Female",5,"Head","q2",0.509260760971812,"Overall","Balochistan"
"Self Employed","BALOCHISTAN","Female",5,"Head","q3",0.699989805973699,"Overall","Balochistan"
"Self Employed","BALOCHISTAN","Female",5,"Head","q4",2.01526120133046,"Overall","Balochistan"
"Self Employed","BALOCHISTAN","Female",5,"Head","q5",0.875143379073028,"Overall","Balochistan"
"Contributing Family Worker","BALOCHISTAN","Female",6,"Head","total",0.227953855942753,"Overall","Balochistan"
"Contributing Family Worker","BALOCHISTAN","Female",6,"Head","q1",0,"Overall","Balochistan"
"Contributing Family Worker","BALOCHISTAN","Female",6,"Head","q2",0.501151513185637,"Overall","Balochistan"
"Contributing Family Worker","BALOCHISTAN","Female",6,"Head","q3",0,"Overall","Balochistan"
"Contributing Family Worker","BALOCHISTAN","Female",6,"Head","q4",1.00763060066523,"Overall","Balochistan"
"Contributing Family Worker","BALOCHISTAN","Female",6,"Head","q5",0,"Overall","Balochistan"
"Employee","BALOCHISTAN","Female",7,"Head","total",1.61928386341212,"Overall","Balochistan"
"Employee","BALOCHISTAN","Female",7,"Head","q1",0.996662690083206,"Overall","Balochistan"
"Employee","BALOCHISTAN","Female",7,"Head","q2",1.23828213694898,"Overall","Balochistan"
"Employee","BALOCHISTAN","Female",7,"Head","q3",3.87486266381234,"Overall","Balochistan"
"Employee","BALOCHISTAN","Female",7,"Head","q4",1.24894019435205,"Overall","Balochistan"
"Employee","BALOCHISTAN","Female",7,"Head","q5",1.53928940623363,"Overall","Balochistan"
"Not Economically Active","BALOCHISTAN","Female",8,"Other","total",0.733841741744511,"Overall","Balochistan"
"Not Economically Active","BALOCHISTAN","Female",8,"Other","q1",0.980555010243478,"Overall","Balochistan"
"Not Economically Active","BALOCHISTAN","Female",8,"Other","q2",0.501151513185637,"Overall","Balochistan"
"Not Economically Active","BALOCHISTAN","Female",8,"Other","q3",1.60046212919229,"Overall","Balochistan"
"Not Economically Active","BALOCHISTAN","Female",8,"Other","q4",0,"Overall","Balochistan"
"Not Economically Active","BALOCHISTAN","Female",8,"Other","q5",0,"Overall","Balochistan"
"Employer","BALOCHISTAN","Female",10,"Other","total",0.167092389550271,"Overall","Balochistan"
"Employer","BALOCHISTAN","Female",10,"Other","q1",0,"Overall","Balochistan"
"Employer","BALOCHISTAN","Female",10,"Other","q2",0,"Overall","Balochistan"
"Employer","BALOCHISTAN","Female",10,"Other","q3",0,"Overall","Balochistan"
"Employer","BALOCHISTAN","Female",10,"Other","q4",0,"Overall","Balochistan"
"Employer","BALOCHISTAN","Female",10,"Other","q5",1.28297718679638,"Overall","Balochistan"
"Self Employed","BALOCHISTAN","Female",11,"Other","total",14.2063572568077,"Overall","Balochistan"
"Self Employed","BALOCHISTAN","Female",11,"Other","q1",11.6221943693592,"Overall","Balochistan"
"Self Employed","BALOCHISTAN","Female",11,"Other","q2",16.1884913555419,"Overall","Balochistan"
"Self Employed","BALOCHISTAN","Female",11,"Other","q3",17.9765990462922,"Overall","Balochistan"
"Self Employed","BALOCHISTAN","Female",11,"Other","q4",14.8274962499185,"Overall","Balochistan"
"Self Employed","BALOCHISTAN","Female",11,"Other","q5",12.7617995666766,"Overall","Balochistan"
"Contributing Family Worker","BALOCHISTAN","Female",12,"Other","total",51.1570133618583,"Overall","Balochistan"
"Contributing Family Worker","BALOCHISTAN","Female",12,"Other","q1",63.3686192194822,"Overall","Balochistan"
"Contributing Family Worker","BALOCHISTAN","Female",12,"Other","q2",55.936780304259,"Overall","Balochistan"
"Contributing Family Worker","BALOCHISTAN","Female",12,"Other","q3",48.6787409244849,"Overall","Balochistan"
"Contributing Family Worker","BALOCHISTAN","Female",12,"Other","q4",47.8282136568186,"Overall","Balochistan"
"Contributing Family Worker","BALOCHISTAN","Female",12,"Other","q5",14.4455301131456,"Overall","Balochistan"
"Employee","BALOCHISTAN","Female",13,"Other","total",29.995297068506,"Overall","Balochistan"
"Employee","BALOCHISTAN","Female",13,"Other","q1",21.9623180964749,"Overall","Balochistan"
"Employee","BALOCHISTAN","Female",13,"Other","q2",24.7429368451782,"Overall","Balochistan"
"Employee","BALOCHISTAN","Female",13,"Other","q3",26.2994551859277,"Overall","Balochistan"
"Employee","BALOCHISTAN","Female",13,"Other","q4",32.3452683753994,"Overall","Balochistan"
"Employee","BALOCHISTAN","Female",13,"Other","q5",64.34569579563,"Overall","Balochistan"
"Not Economically Active","BALOCHISTAN","Female",14,"Other","total",1.15931872043378,"Overall","Balochistan"
"Not Economically Active","BALOCHISTAN","Female",14,"Other","q1",0.627192783759432,"Overall","Balochistan"
"Not Economically Active","BALOCHISTAN","Female",14,"Other","q2",0.381945570728859,"Overall","Balochistan"
"Not Economically Active","BALOCHISTAN","Female",14,"Other","q3",0.869890244316831,"Overall","Balochistan"
"Not Economically Active","BALOCHISTAN","Female",14,"Other","q4",0.727189721515685,"Overall","Balochistan"
"Not Economically Active","BALOCHISTAN","Female",14,"Other","q5",4.74956455244488,"Overall","Balochistan"
"Employer","BALOCHISTAN URBAN","Both Sexes",4,"Head","total",1.10886276515555,"Urban","Balochistan"
"Employer","BALOCHISTAN URBAN","Both Sexes",4,"Head","q1",0,"Urban","Balochistan"
"Employer","BALOCHISTAN URBAN","Both Sexes",4,"Head","q2",0,"Urban","Balochistan"
"Employer","BALOCHISTAN URBAN","Both Sexes",4,"Head","q3",0.341001706930754,"Urban","Balochistan"
"Employer","BALOCHISTAN URBAN","Both Sexes",4,"Head","q4",2.34538313731287,"Urban","Balochistan"
"Employer","BALOCHISTAN URBAN","Both Sexes",4,"Head","q5",2.96441942069937,"Urban","Balochistan"
"Self Employed","BALOCHISTAN URBAN","Both Sexes",5,"Head","total",10.8793019735271,"Urban","Balochistan"
"Self Employed","BALOCHISTAN URBAN","Both Sexes",5,"Head","q1",5.99081724767947,"Urban","Balochistan"
"Self Employed","BALOCHISTAN URBAN","Both Sexes",5,"Head","q2",9.04045765807468,"Urban","Balochistan"
"Self Employed","BALOCHISTAN URBAN","Both Sexes",5,"Head","q3",12.0334773716342,"Urban","Balochistan"
"Self Employed","BALOCHISTAN URBAN","Both Sexes",5,"Head","q4",15.298042610697,"Urban","Balochistan"
"Self Employed","BALOCHISTAN URBAN","Both Sexes",5,"Head","q5",12.3884307568472,"Urban","Balochistan"
"Contributing Family Worker","BALOCHISTAN URBAN","Both Sexes",6,"Head","total",0.0371081402741353,"Urban","Balochistan"
"Contributing Family Worker","BALOCHISTAN URBAN","Both Sexes",6,"Head","q1",0,"Urban","Balochistan"
"Contributing Family Worker","BALOCHISTAN URBAN","Both Sexes",6,"Head","q2",0,"Urban","Balochistan"
"Contributing Family Worker","BALOCHISTAN URBAN","Both Sexes",6,"Head","q3",0,"Urban","Balochistan"
"Contributing Family Worker","BALOCHISTAN URBAN","Both Sexes",6,"Head","q4",0.219071348634895,"Urban","Balochistan"
"Contributing Family Worker","BALOCHISTAN URBAN","Both Sexes",6,"Head","q5",0,"Urban","Balochistan"
"Employee","BALOCHISTAN URBAN","Both Sexes",7,"Head","total",33.3338400308311,"Urban","Balochistan"
"Employee","BALOCHISTAN URBAN","Both Sexes",7,"Head","q1",35.7423300694105,"Urban","Balochistan"
"Employee","BALOCHISTAN URBAN","Both Sexes",7,"Head","q2",31.9465059295299,"Urban","Balochistan"
"Employee","BALOCHISTAN URBAN","Both Sexes",7,"Head","q3",34.680680926971,"Urban","Balochistan"
"Employee","BALOCHISTAN URBAN","Both Sexes",7,"Head","q4",36.9412360902891,"Urban","Balochistan"
"Employee","BALOCHISTAN URBAN","Both Sexes",7,"Head","q5",27.8188396379476,"Urban","Balochistan"
"Not Economically Active","BALOCHISTAN URBAN","Both Sexes",8,"Other","total",3.21910881447986,"Urban","Balochistan"
"Not Economically Active","BALOCHISTAN URBAN","Both Sexes",8,"Other","q1",0.494987495734728,"Urban","Balochistan"
"Not Economically Active","BALOCHISTAN URBAN","Both Sexes",8,"Other","q2",3.15117911356421,"Urban","Balochistan"
"Not Economically Active","BALOCHISTAN URBAN","Both Sexes",8,"Other","q3",2.0337080379523,"Urban","Balochistan"
"Not Economically Active","BALOCHISTAN URBAN","Both Sexes",8,"Other","q4",5.63514854621086,"Urban","Balochistan"
"Not Economically Active","BALOCHISTAN URBAN","Both Sexes",8,"Other","q5",5.29411518096332,"Urban","Balochistan"
"Employer","BALOCHISTAN URBAN","Both Sexes",10,"Other","total",0.321633688110999,"Urban","Balochistan"
"Employer","BALOCHISTAN URBAN","Both Sexes",10,"Other","q1",0.179249398542681,"Urban","Balochistan"
"Employer","BALOCHISTAN URBAN","Both Sexes",10,"Other","q2",0,"Urban","Balochistan"
"Employer","BALOCHISTAN URBAN","Both Sexes",10,"Other","q3",0.362530563287149,"Urban","Balochistan"
"Employer","BALOCHISTAN URBAN","Both Sexes",10,"Other","q4",0.235435714436538,"Urban","Balochistan"
"Employer","BALOCHISTAN URBAN","Both Sexes",10,"Other","q5",0.751690570119357,"Urban","Balochistan"
"Self Employed","BALOCHISTAN URBAN","Both Sexes",11,"Other","total",6.27297463323298,"Urban","Balochistan"
"Self Employed","BALOCHISTAN URBAN","Both Sexes",11,"Other","q1",3.8877682801992,"Urban","Balochistan"
"Self Employed","BALOCHISTAN URBAN","Both Sexes",11,"Other","q2",6.49355223369945,"Urban","Balochistan"
"Self Employed","BALOCHISTAN URBAN","Both Sexes",11,"Other","q3",7.30328007504344,"Urban","Balochistan"
"Self Employed","BALOCHISTAN URBAN","Both Sexes",11,"Other","q4",6.07012394687388,"Urban","Balochistan"
"Self Employed","BALOCHISTAN URBAN","Both Sexes",11,"Other","q5",7.44186241505226,"Urban","Balochistan"
"Contributing Family Worker","BALOCHISTAN URBAN","Both Sexes",12,"Other","total",6.98706043619501,"Urban","Balochistan"
"Contributing Family Worker","BALOCHISTAN URBAN","Both Sexes",12,"Other","q1",6.08972836157411,"Urban","Balochistan"
"Contributing Family Worker","BALOCHISTAN URBAN","Both Sexes",12,"Other","q2",4.6480269281664,"Urban","Balochistan"
"Contributing Family Worker","BALOCHISTAN URBAN","Both Sexes",12,"Other","q3",13.8653523812453,"Urban","Balochistan"
"Contributing Family Worker","BALOCHISTAN URBAN","Both Sexes",12,"Other","q4",4.47169492599084,"Urban","Balochistan"
"Contributing Family Worker","BALOCHISTAN URBAN","Both Sexes",12,"Other","q5",4.3038791928864,"Urban","Balochistan"
"Employee","BALOCHISTAN URBAN","Both Sexes",13,"Other","total",36.6038272352289,"Urban","Balochistan"
"Employee","BALOCHISTAN URBAN","Both Sexes",13,"Other","q1",46.884299912319,"Urban","Balochistan"
"Employee","BALOCHISTAN URBAN","Both Sexes",13,"Other","q2",44.0370111345352,"Urban","Balochistan"
"Employee","BALOCHISTAN URBAN","Both Sexes",13,"Other","q3",28.9290162850421,"Urban","Balochistan"
"Employee","BALOCHISTAN URBAN","Both Sexes",13,"Other","q4",27.6964251778965,"Urban","Balochistan"
"Employee","BALOCHISTAN URBAN","Both Sexes",13,"Other","q5",35.8753023741348,"Urban","Balochistan"
"Not Economically Active","BALOCHISTAN URBAN","Both Sexes",14,"Other","total",1.23610344855336,"Urban","Balochistan"
"Not Economically Active","BALOCHISTAN URBAN","Both Sexes",14,"Other","q1",0.730819234540279,"Urban","Balochistan"
"Not Economically Active","BALOCHISTAN URBAN","Both Sexes",14,"Other","q2",0.683267002430177,"Urban","Balochistan"
"Not Economically Active","BALOCHISTAN URBAN","Both Sexes",14,"Other","q3",0.451721539620785,"Urban","Balochistan"
"Not Economically Active","BALOCHISTAN URBAN","Both Sexes",14,"Other","q4",1.08691061888976,"Urban","Balochistan"
"Not Economically Active","BALOCHISTAN URBAN","Both Sexes",14,"Other","q5",3.16104121511431,"Urban","Balochistan"
"Employer","BALOCHISTAN URBAN","Male",4,"Head","total",1.24980473375763,"Urban","Balochistan"
"Employer","BALOCHISTAN URBAN","Male",4,"Head","q1",0,"Urban","Balochistan"
"Employer","BALOCHISTAN URBAN","Male",4,"Head","q2",0,"Urban","Balochistan"
"Employer","BALOCHISTAN URBAN","Male",4,"Head","q3",0.373505137274718,"Urban","Balochistan"
"Employer","BALOCHISTAN URBAN","Male",4,"Head","q4",2.55532805742155,"Urban","Balochistan"
"Employer","BALOCHISTAN URBAN","Male",4,"Head","q5",3.50403377668537,"Urban","Balochistan"
"Self Employed","BALOCHISTAN URBAN","Male",5,"Head","total",12.2621153255025,"Urban","Balochistan"
"Self Employed","BALOCHISTAN URBAN","Male",5,"Head","q1",6.80545810497186,"Urban","Balochistan"
"Self Employed","BALOCHISTAN URBAN","Male",5,"Head","q2",10.2510269283432,"Urban","Balochistan"
"Self Employed","BALOCHISTAN URBAN","Male",5,"Head","q3",13.1804783560721,"Urban","Balochistan"
"Self Employed","BALOCHISTAN URBAN","Male",5,"Head","q4",16.6674335143094,"Urban","Balochistan"
"Self Employed","BALOCHISTAN URBAN","Male",5,"Head","q5",14.6435013578069,"Urban","Balochistan"
"Contributing Family Worker","BALOCHISTAN URBAN","Male",6,"Head","total",0.0418247693338776,"Urban","Balochistan"
"Contributing Family Worker","BALOCHISTAN URBAN","Male",6,"Head","q1",0,"Urban","Balochistan"
"Contributing Family Worker","BALOCHISTAN URBAN","Male",6,"Head","q2",0,"Urban","Balochistan"
"Contributing Family Worker","BALOCHISTAN URBAN","Male",6,"Head","q3",0,"Urban","Balochistan"
"Contributing Family Worker","BALOCHISTAN URBAN","Male",6,"Head","q4",0.238681328793595,"Urban","Balochistan"
"Contributing Family Worker","BALOCHISTAN URBAN","Male",6,"Head","q5",0,"Urban","Balochistan"
"Employee","BALOCHISTAN URBAN","Male",7,"Head","total",37.2641561726809,"Urban","Balochistan"
"Employee","BALOCHISTAN URBAN","Male",7,"Head","q1",39.9485788024945,"Urban","Balochistan"
"Employee","BALOCHISTAN URBAN","Male",7,"Head","q2",36.2243267914194,"Urban","Balochistan"
"Employee","BALOCHISTAN URBAN","Male",7,"Head","q3",37.4511537813711,"Urban","Balochistan"
"Employee","BALOCHISTAN URBAN","Male",7,"Head","q4",40.2479985276525,"Urban","Balochistan"
"Employee","BALOCHISTAN URBAN","Male",7,"Head","q5",32.6646712521556,"Urban","Balochistan"
"Not Economically Active","BALOCHISTAN URBAN","Male",8,"Other","total",3.58644877473582,"Urban","Balochistan"
"Not Economically Active","BALOCHISTAN URBAN","Male",8,"Other","q1",0.358182005524835,"Urban","Balochistan"
"Not Economically Active","BALOCHISTAN URBAN","Male",8,"Other","q2",3.57314011866728,"Urban","Balochistan"
"Not Economically Active","BALOCHISTAN URBAN","Male",8,"Other","q3",2.22755600471619,"Urban","Balochistan"
"Not Economically Active","BALOCHISTAN URBAN","Male",8,"Other","q4",6.13957393944971,"Urban","Balochistan"
"Not Economically Active","BALOCHISTAN URBAN","Male",8,"Other","q5",6.25780491189122,"Urban","Balochistan"
"Employer","BALOCHISTAN URBAN","Male",10,"Other","total",0.271205913921601,"Urban","Balochistan"
"Employer","BALOCHISTAN URBAN","Male",10,"Other","q1",0.203624016839461,"Urban","Balochistan"
"Employer","BALOCHISTAN URBAN","Male",10,"Other","q2",0,"Urban","Balochistan"
"Employer","BALOCHISTAN URBAN","Male",10,"Other","q3",0.397086070405929,"Urban","Balochistan"
"Employer","BALOCHISTAN URBAN","Male",10,"Other","q4",0.256510536486611,"Urban","Balochistan"
"Employer","BALOCHISTAN URBAN","Male",10,"Other","q5",0.43955281571488,"Urban","Balochistan"
"Self Employed","BALOCHISTAN URBAN","Male",11,"Other","total",5.54122763256688,"Urban","Balochistan"
"Self Employed","BALOCHISTAN URBAN","Male",11,"Other","q1",3.85217387037737,"Urban","Balochistan"
"Self Employed","BALOCHISTAN URBAN","Male",11,"Other","q2",4.17446371519854,"Urban","Balochistan"
"Self Employed","BALOCHISTAN URBAN","Male",11,"Other","q3",5.57941721408119,"Urban","Balochistan"
"Self Employed","BALOCHISTAN URBAN","Male",11,"Other","q4",5.5178522131223,"Urban","Balochistan"
"Self Employed","BALOCHISTAN URBAN","Male",11,"Other","q5",8.40898729409899,"Urban","Balochistan"
"Contributing Family Worker","BALOCHISTAN URBAN","Male",12,"Other","total",6.71131334814837,"Urban","Balochistan"
"Contributing Family Worker","BALOCHISTAN URBAN","Male",12,"Other","q1",4.58227636931018,"Urban","Balochistan"
"Contributing Family Worker","BALOCHISTAN URBAN","Male",12,"Other","q2",3.88977635782748,"Urban","Balochistan"
"Contributing Family Worker","BALOCHISTAN URBAN","Male",12,"Other","q3",14.4273201953849,"Urban","Balochistan"
"Contributing Family Worker","BALOCHISTAN URBAN","Male",12,"Other","q4",3.39732676911751,"Urban","Balochistan"
"Contributing Family Worker","BALOCHISTAN URBAN","Male",12,"Other","q5",5.08731590318936,"Urban","Balochistan"
"Employee","BALOCHISTAN URBAN","Male",13,"Other","total",32.2349040297913,"Urban","Balochistan"
"Employee","BALOCHISTAN URBAN","Male",13,"Other","q1",44.030381684633,"Urban","Balochistan"
"Employee","BALOCHISTAN URBAN","Male",13,"Other","q2",41.3817891373802,"Urban","Balochistan"
"Employee","BALOCHISTAN URBAN","Male",13,"Other","q3",25.8687047330301,"Urban","Balochistan"
"Employee","BALOCHISTAN URBAN","Male",13,"Other","q4",24.051601177878,"Urban","Balochistan"
"Employee","BALOCHISTAN URBAN","Male",13,"Other","q5",26.9197605502587,"Urban","Balochistan"
"Not Economically Active","BALOCHISTAN URBAN","Male",14,"Other","total",0.837200864714508,"Urban","Balochistan"
"Not Economically Active","BALOCHISTAN URBAN","Male",14,"Other","q1",0.218834485567228,"Urban","Balochistan"
"Not Economically Active","BALOCHISTAN URBAN","Male",14,"Other","q2",0.506047466910087,"Urban","Balochistan"
"Not Economically Active","BALOCHISTAN URBAN","Male",14,"Other","q3",0.494778507663803,"Urban","Balochistan"
"Not Economically Active","BALOCHISTAN URBAN","Male",14,"Other","q4",0.927693935768842,"Urban","Balochistan"
"Not Economically Active","BALOCHISTAN URBAN","Male",14,"Other","q5",2.07437213819897,"Urban","Balochistan"
"Employer","BALOCHISTAN URBAN","Female",4,"Head","total",2.41283887184123,"Urban","Balochistan"
"Employer","BALOCHISTAN URBAN","Female",4,"Head","q1",4.80984340044743,"Urban","Balochistan"
"Employer","BALOCHISTAN URBAN","Female",4,"Head","q2",0,"Urban","Balochistan"
"Employer","BALOCHISTAN URBAN","Female",4,"Head","q3",5.61053189609472,"Urban","Balochistan"
"Employer","BALOCHISTAN URBAN","Female",4,"Head","q4",0,"Urban","Balochistan"
"Employer","BALOCHISTAN URBAN","Female",4,"Head","q5",1.19783301118885,"Urban","Balochistan"
"Self Employed","BALOCHISTAN URBAN","Female",5,"Head","total",NA,"Urban","Balochistan"
"Self Employed","BALOCHISTAN URBAN","Female",5,"Head","q1",NA,"Urban","Balochistan"
"Self Employed","BALOCHISTAN URBAN","Female",5,"Head","q2",NA,"Urban","Balochistan"
"Self Employed","BALOCHISTAN URBAN","Female",5,"Head","q3",NA,"Urban","Balochistan"
"Self Employed","BALOCHISTAN URBAN","Female",5,"Head","q4",NA,"Urban","Balochistan"
"Self Employed","BALOCHISTAN URBAN","Female",5,"Head","q5",NA,"Urban","Balochistan"
"Contributing Family Worker","BALOCHISTAN URBAN","Female",6,"Head","total",NA,"Urban","Balochistan"
"Contributing Family Worker","BALOCHISTAN URBAN","Female",6,"Head","q1",NA,"Urban","Balochistan"
"Contributing Family Worker","BALOCHISTAN URBAN","Female",6,"Head","q2",NA,"Urban","Balochistan"
"Contributing Family Worker","BALOCHISTAN URBAN","Female",6,"Head","q3",NA,"Urban","Balochistan"
"Contributing Family Worker","BALOCHISTAN URBAN","Female",6,"Head","q4",NA,"Urban","Balochistan"
"Contributing Family Worker","BALOCHISTAN URBAN","Female",6,"Head","q5",NA,"Urban","Balochistan"
"Employee","BALOCHISTAN URBAN","Female",7,"Head","total",NA,"Urban","Balochistan"
"Employee","BALOCHISTAN URBAN","Female",7,"Head","q1",NA,"Urban","Balochistan"
"Employee","BALOCHISTAN URBAN","Female",7,"Head","q2",NA,"Urban","Balochistan"
"Employee","BALOCHISTAN URBAN","Female",7,"Head","q3",NA,"Urban","Balochistan"
"Employee","BALOCHISTAN URBAN","Female",7,"Head","q4",NA,"Urban","Balochistan"
"Employee","BALOCHISTAN URBAN","Female",7,"Head","q5",NA,"Urban","Balochistan"
"Not Economically Active","BALOCHISTAN URBAN","Female",8,"Other","total",0.329059524092708,"Urban","Balochistan"
"Not Economically Active","BALOCHISTAN URBAN","Female",8,"Other","q1",1.49743811791874,"Urban","Balochistan"
"Not Economically Active","BALOCHISTAN URBAN","Female",8,"Other","q2",0,"Urban","Balochistan"
"Not Economically Active","BALOCHISTAN URBAN","Female",8,"Other","q3",0,"Urban","Balochistan"
"Not Economically Active","BALOCHISTAN URBAN","Female",8,"Other","q4",0,"Urban","Balochistan"
"Not Economically Active","BALOCHISTAN URBAN","Female",8,"Other","q5",0,"Urban","Balochistan"
"Employer","BALOCHISTAN URBAN","Female",10,"Other","total",0.718380551392754,"Urban","Balochistan"
"Employer","BALOCHISTAN URBAN","Female",10,"Other","q1",0,"Urban","Balochistan"
"Employer","BALOCHISTAN URBAN","Female",10,"Other","q2",0,"Urban","Balochistan"
"Employer","BALOCHISTAN URBAN","Female",10,"Other","q3",0,"Urban","Balochistan"
"Employer","BALOCHISTAN URBAN","Female",10,"Other","q4",0,"Urban","Balochistan"
"Employer","BALOCHISTAN URBAN","Female",10,"Other","q5",2.46644706394795,"Urban","Balochistan"
"Self Employed","BALOCHISTAN URBAN","Female",11,"Other","total",12.030099035023,"Urban","Balochistan"
"Self Employed","BALOCHISTAN URBAN","Female",11,"Other","q1",4.14952731471459,"Urban","Balochistan"
"Self Employed","BALOCHISTAN URBAN","Female",11,"Other","q2",23.8123641941119,"Urban","Balochistan"
"Self Employed","BALOCHISTAN URBAN","Female",11,"Other","q3",25.3843435235907,"Urban","Balochistan"
"Self Employed","BALOCHISTAN URBAN","Female",11,"Other","q4",12.2405705840776,"Urban","Balochistan"
"Self Employed","BALOCHISTAN URBAN","Female",11,"Other","q5",2.12887594261291,"Urban","Balochistan"
"Contributing Family Worker","BALOCHISTAN URBAN","Female",12,"Other","total",9.15657682945202,"Urban","Balochistan"
"Contributing Family Worker","BALOCHISTAN URBAN","Female",12,"Other","q1",17.1754347982969,"Urban","Balochistan"
"Contributing Family Worker","BALOCHISTAN URBAN","Female",12,"Other","q2",10.3105960547058,"Urban","Balochistan"
"Contributing Family Worker","BALOCHISTAN URBAN","Female",12,"Other","q3",7.96960593744478,"Urban","Balochistan"
"Contributing Family Worker","BALOCHISTAN URBAN","Female",12,"Other","q4",16.4749726916404,"Urban","Balochistan"
"Contributing Family Worker","BALOCHISTAN URBAN","Female",12,"Other","q5",0,"Urban","Balochistan"
"Employee","BALOCHISTAN URBAN","Female",13,"Other","total",70.9777428895391,"Urban","Balochistan"
"Employee","BALOCHISTAN URBAN","Female",13,"Other","q1",67.8718337302446,"Urban","Balochistan"
"Employee","BALOCHISTAN URBAN","Female",13,"Other","q2",63.8703080397086,"Urban","Balochistan"
"Employee","BALOCHISTAN URBAN","Female",13,"Other","q3",61.0355186428698,"Urban","Balochistan"
"Employee","BALOCHISTAN URBAN","Female",13,"Other","q4",68.4186853434428,"Urban","Balochistan"
"Employee","BALOCHISTAN URBAN","Female",13,"Other","q5",85.0733672719353,"Urban","Balochistan"
"Not Economically Active","BALOCHISTAN URBAN","Female",14,"Other","total",4.37530229865918,"Urban","Balochistan"
"Not Economically Active","BALOCHISTAN URBAN","Female",14,"Other","q1",4.49592263837771,"Urban","Balochistan"
"Not Economically Active","BALOCHISTAN URBAN","Female",14,"Other","q2",2.00673171147373,"Urban","Balochistan"
"Not Economically Active","BALOCHISTAN URBAN","Female",14,"Other","q3",0,"Urban","Balochistan"
"Not Economically Active","BALOCHISTAN URBAN","Female",14,"Other","q4",2.86577138083917,"Urban","Balochistan"
"Not Economically Active","BALOCHISTAN URBAN","Female",14,"Other","q5",9.13075436256227,"Urban","Balochistan"
"Employer","BALOCHISTAN RURAL","Both Sexes",4,"Head","total",0.848421201367659,"Rural","Balochistan"
"Employer","BALOCHISTAN RURAL","Both Sexes",4,"Head","q1",0.0984244380427157,"Rural","Balochistan"
"Employer","BALOCHISTAN RURAL","Both Sexes",4,"Head","q2",0.40752267709414,"Rural","Balochistan"
"Employer","BALOCHISTAN RURAL","Both Sexes",4,"Head","q3",0.409851482913764,"Rural","Balochistan"
"Employer","BALOCHISTAN RURAL","Both Sexes",4,"Head","q4",1.23891374587089,"Rural","Balochistan"
"Employer","BALOCHISTAN RURAL","Both Sexes",4,"Head","q5",4.94398259266334,"Rural","Balochistan"
"Self Employed","BALOCHISTAN RURAL","Both Sexes",5,"Head","total",15.2884345070495,"Rural","Balochistan"
"Self Employed","BALOCHISTAN RURAL","Both Sexes",5,"Head","q1",14.3622584682279,"Rural","Balochistan"
"Self Employed","BALOCHISTAN RURAL","Both Sexes",5,"Head","q2",14.2953475381055,"Rural","Balochistan"
"Self Employed","BALOCHISTAN RURAL","Both Sexes",5,"Head","q3",14.9410521088824,"Rural","Balochistan"
"Self Employed","BALOCHISTAN RURAL","Both Sexes",5,"Head","q4",16.6132984452139,"Rural","Balochistan"
"Self Employed","BALOCHISTAN RURAL","Both Sexes",5,"Head","q5",19.8656246626083,"Rural","Balochistan"
"Contributing Family Worker","BALOCHISTAN RURAL","Both Sexes",6,"Head","total",0.108219055090527,"Rural","Balochistan"
"Contributing Family Worker","BALOCHISTAN RURAL","Both Sexes",6,"Head","q1",0,"Rural","Balochistan"
"Contributing Family Worker","BALOCHISTAN RURAL","Both Sexes",6,"Head","q2",0.0821961535392227,"Rural","Balochistan"
"Contributing Family Worker","BALOCHISTAN RURAL","Both Sexes",6,"Head","q3",0.144078125705343,"Rural","Balochistan"
"Contributing Family Worker","BALOCHISTAN RURAL","Both Sexes",6,"Head","q4",0.37514366050583,"Rural","Balochistan"
"Contributing Family Worker","BALOCHISTAN RURAL","Both Sexes",6,"Head","q5",0,"Rural","Balochistan"
"Employee","BALOCHISTAN RURAL","Both Sexes",7,"Head","total",30.5272302839674,"Rural","Balochistan"
"Employee","BALOCHISTAN RURAL","Both Sexes",7,"Head","q1",25.8694372846162,"Rural","Balochistan"
"Employee","BALOCHISTAN RURAL","Both Sexes",7,"Head","q2",30.6171361689676,"Rural","Balochistan"
"Employee","BALOCHISTAN RURAL","Both Sexes",7,"Head","q3",32.7518169643529,"Rural","Balochistan"
"Employee","BALOCHISTAN RURAL","Both Sexes",7,"Head","q4",35.2960309945283,"Rural","Balochistan"
"Employee","BALOCHISTAN RURAL","Both Sexes",7,"Head","q5",32.1686917090915,"Rural","Balochistan"
"Not Economically Active","BALOCHISTAN RURAL","Both Sexes",8,"Other","total",1.51455161765593,"Rural","Balochistan"
"Not Economically Active","BALOCHISTAN RURAL","Both Sexes",8,"Other","q1",0.701177752479242,"Rural","Balochistan"
"Not Economically Active","BALOCHISTAN RURAL","Both Sexes",8,"Other","q2",1.12321442821802,"Rural","Balochistan"
"Not Economically Active","BALOCHISTAN RURAL","Both Sexes",8,"Other","q3",2.31559504642099,"Rural","Balochistan"
"Not Economically Active","BALOCHISTAN RURAL","Both Sexes",8,"Other","q4",1.49479208078238,"Rural","Balochistan"
"Not Economically Active","BALOCHISTAN RURAL","Both Sexes",8,"Other","q5",3.63054256741606,"Rural","Balochistan"
"Employer","BALOCHISTAN RURAL","Both Sexes",10,"Other","total",0.13217369802284,"Rural","Balochistan"
"Employer","BALOCHISTAN RURAL","Both Sexes",10,"Other","q1",0,"Rural","Balochistan"
"Employer","BALOCHISTAN RURAL","Both Sexes",10,"Other","q2",0.172106509190541,"Rural","Balochistan"
"Employer","BALOCHISTAN RURAL","Both Sexes",10,"Other","q3",0.144078125705343,"Rural","Balochistan"
"Employer","BALOCHISTAN RURAL","Both Sexes",10,"Other","q4",0,"Rural","Balochistan"
"Employer","BALOCHISTAN RURAL","Both Sexes",10,"Other","q5",0.636165070717305,"Rural","Balochistan"
"Self Employed","BALOCHISTAN RURAL","Both Sexes",11,"Other","total",6.07263077174427,"Rural","Balochistan"
"Self Employed","BALOCHISTAN RURAL","Both Sexes",11,"Other","q1",5.87424286422824,"Rural","Balochistan"
"Self Employed","BALOCHISTAN RURAL","Both Sexes",11,"Other","q2",6.14742106243184,"Rural","Balochistan"
"Self Employed","BALOCHISTAN RURAL","Both Sexes",11,"Other","q3",5.67077207818589,"Rural","Balochistan"
"Self Employed","BALOCHISTAN RURAL","Both Sexes",11,"Other","q4",6.47695046995357,"Rural","Balochistan"
"Self Employed","BALOCHISTAN RURAL","Both Sexes",11,"Other","q5",6.67018246144391,"Rural","Balochistan"
"Contributing Family Worker","BALOCHISTAN RURAL","Both Sexes",12,"Other","total",18.249169498785,"Rural","Balochistan"
"Contributing Family Worker","BALOCHISTAN RURAL","Both Sexes",12,"Other","q1",25.9367667957577,"Rural","Balochistan"
"Contributing Family Worker","BALOCHISTAN RURAL","Both Sexes",12,"Other","q2",18.5642273827574,"Rural","Balochistan"
"Contributing Family Worker","BALOCHISTAN RURAL","Both Sexes",12,"Other","q3",12.4223181907098,"Rural","Balochistan"
"Contributing Family Worker","BALOCHISTAN RURAL","Both Sexes",12,"Other","q4",14.4792924072562,"Rural","Balochistan"
"Contributing Family Worker","BALOCHISTAN RURAL","Both Sexes",12,"Other","q5",11.7823418515227,"Rural","Balochistan"
"Employee","BALOCHISTAN RURAL","Both Sexes",13,"Other","total",26.9040813412834,"Rural","Balochistan"
"Employee","BALOCHISTAN RURAL","Both Sexes",13,"Other","q1",27.0744299477554,"Rural","Balochistan"
"Employee","BALOCHISTAN RURAL","Both Sexes",13,"Other","q2",28.5073018913096,"Rural","Balochistan"
"Employee","BALOCHISTAN RURAL","Both Sexes",13,"Other","q3",30.9310907805047,"Rural","Balochistan"
"Employee","BALOCHISTAN RURAL","Both Sexes",13,"Other","q4",23.0425427849297,"Rural","Balochistan"
"Employee","BALOCHISTAN RURAL","Both Sexes",13,"Other","q5",19.1127739620792,"Rural","Balochistan"
"Not Economically Active","BALOCHISTAN RURAL","Both Sexes",14,"Other","total",0.355124821720054,"Rural","Balochistan"
"Not Economically Active","BALOCHISTAN RURAL","Both Sexes",14,"Other","q1",0.0831339574590562,"Rural","Balochistan"
"Not Economically Active","BALOCHISTAN RURAL","Both Sexes",14,"Other","q2",0.0835261883861357,"Rural","Balochistan"
"Not Economically Active","BALOCHISTAN RURAL","Both Sexes",14,"Other","q3",0.26897091352303,"Rural","Balochistan"
"Not Economically Active","BALOCHISTAN RURAL","Both Sexes",14,"Other","q4",0.983517291062811,"Rural","Balochistan"
"Not Economically Active","BALOCHISTAN RURAL","Both Sexes",14,"Other","q5",1.18969512245762,"Rural","Balochistan"
"Employer","BALOCHISTAN RURAL","Male",4,"Head","total",1.00180835597761,"Rural","Balochistan"
"Employer","BALOCHISTAN RURAL","Male",4,"Head","q1",0.126129359984061,"Rural","Balochistan"
"Employer","BALOCHISTAN RURAL","Male",4,"Head","q2",0.469927839083457,"Rural","Balochistan"
"Employer","BALOCHISTAN RURAL","Male",4,"Head","q3",0.467591549446894,"Rural","Balochistan"
"Employer","BALOCHISTAN RURAL","Male",4,"Head","q4",1.39246950757165,"Rural","Balochistan"
"Employer","BALOCHISTAN RURAL","Male",4,"Head","q5",5.75355308239865,"Rural","Balochistan"
"Self Employed","BALOCHISTAN RURAL","Male",5,"Head","total",17.8794788528367,"Rural","Balochistan"
"Self Employed","BALOCHISTAN RURAL","Male",5,"Head","q1",18.2602710628621,"Rural","Balochistan"
"Self Employed","BALOCHISTAN RURAL","Male",5,"Head","q2",16.3881199052169,"Rural","Balochistan"
"Self Employed","BALOCHISTAN RURAL","Male",5,"Head","q3",16.9131232497505,"Rural","Balochistan"
"Self Employed","BALOCHISTAN RURAL","Male",5,"Head","q4",18.337702289911,"Rural","Balochistan"
"Self Employed","BALOCHISTAN RURAL","Male",5,"Head","q5",22.819946552749,"Rural","Balochistan"
"Contributing Family Worker","BALOCHISTAN RURAL","Male",6,"Head","total",0.0740808972087361,"Rural","Balochistan"
"Contributing Family Worker","BALOCHISTAN RURAL","Male",6,"Head","q1",0,"Rural","Balochistan"
"Contributing Family Worker","BALOCHISTAN RURAL","Male",6,"Head","q2",0,"Rural","Balochistan"
"Contributing Family Worker","BALOCHISTAN RURAL","Male",6,"Head","q3",0.164375918713318,"Rural","Balochistan"
"Contributing Family Worker","BALOCHISTAN RURAL","Male",6,"Head","q4",0.25401330184796,"Rural","Balochistan"
"Contributing Family Worker","BALOCHISTAN RURAL","Male",6,"Head","q5",0,"Rural","Balochistan"
"Employee","BALOCHISTAN RURAL","Male",7,"Head","total",35.7970192106322,"Rural","Balochistan"
"Employee","BALOCHISTAN RURAL","Male",7,"Head","q1",33.0447396976518,"Rural","Balochistan"
"Employee","BALOCHISTAN RURAL","Male",7,"Head","q2",35.0714324056962,"Rural","Balochistan"
"Employee","BALOCHISTAN RURAL","Male",7,"Head","q3",36.9045396508621,"Rural","Balochistan"
"Employee","BALOCHISTAN RURAL","Male",7,"Head","q4",39.4633224289954,"Rural","Balochistan"
"Employee","BALOCHISTAN RURAL","Male",7,"Head","q5",37.1236100573616,"Rural","Balochistan"
"Not Economically Active","BALOCHISTAN RURAL","Male",8,"Other","total",1.63351637035756,"Rural","Balochistan"
"Not Economically Active","BALOCHISTAN RURAL","Male",8,"Other","q1",0.646124815375268,"Rural","Balochistan"
"Not Economically Active","BALOCHISTAN RURAL","Male",8,"Other","q2",1.20043250538715,"Rural","Balochistan"
"Not Economically Active","BALOCHISTAN RURAL","Male",8,"Other","q3",2.33881610712331,"Rural","Balochistan"
"Not Economically Active","BALOCHISTAN RURAL","Male",8,"Other","q4",1.68006239303278,"Rural","Balochistan"
"Not Economically Active","BALOCHISTAN RURAL","Male",8,"Other","q5",4.22503902229224,"Rural","Balochistan"
"Employer","BALOCHISTAN RURAL","Male",10,"Other","total",0.156069550013947,"Rural","Balochistan"
"Employer","BALOCHISTAN RURAL","Male",10,"Other","q1",0,"Rural","Balochistan"
"Employer","BALOCHISTAN RURAL","Male",10,"Other","q2",0.198461691832243,"Rural","Balochistan"
"Employer","BALOCHISTAN RURAL","Male",10,"Other","q3",0.164375918713318,"Rural","Balochistan"
"Employer","BALOCHISTAN RURAL","Male",10,"Other","q4",0,"Rural","Balochistan"
"Employer","BALOCHISTAN RURAL","Male",10,"Other","q5",0.740336244098331,"Rural","Balochistan"
"Self Employed","BALOCHISTAN RURAL","Male",11,"Other","total",4.48291533748302,"Rural","Balochistan"
"Self Employed","BALOCHISTAN RURAL","Male",11,"Other","q1",3.91527927115013,"Rural","Balochistan"
"Self Employed","BALOCHISTAN RURAL","Male",11,"Other","q2",4.88439683136124,"Rural","Balochistan"
"Self Employed","BALOCHISTAN RURAL","Male",11,"Other","q3",4.29716419351724,"Rural","Balochistan"
"Self Employed","BALOCHISTAN RURAL","Male",11,"Other","q4",5.33319612643255,"Rural","Balochistan"
"Self Employed","BALOCHISTAN RURAL","Male",11,"Other","q5",3.78528315928344,"Rural","Balochistan"
"Contributing Family Worker","BALOCHISTAN RURAL","Male",12,"Other","total",9.9981838231652,"Rural","Balochistan"
"Contributing Family Worker","BALOCHISTAN RURAL","Male",12,"Other","q1",13.2923220810356,"Rural","Balochistan"
"Contributing Family Worker","BALOCHISTAN RURAL","Male",12,"Other","q2",11.1988221129882,"Rural","Balochistan"
"Contributing Family Worker","BALOCHISTAN RURAL","Male",12,"Other","q3",5.33728178882201,"Rural","Balochistan"
"Contributing Family Worker","BALOCHISTAN RURAL","Male",12,"Other","q4",9.02424229294396,"Rural","Balochistan"
"Contributing Family Worker","BALOCHISTAN RURAL","Male",12,"Other","q5",8.78206955874607,"Rural","Balochistan"
"Employee","BALOCHISTAN RURAL","Male",13,"Other","total",28.5909248511213,"Rural","Balochistan"
"Employee","BALOCHISTAN RURAL","Male",13,"Other","q1",30.6085988608839,"Rural","Balochistan"
"Employee","BALOCHISTAN RURAL","Male",13,"Other","q2",30.4922432766117,"Rural","Balochistan"
"Employee","BALOCHISTAN RURAL","Male",13,"Other","q3",33.2706730614478,"Rural","Balochistan"
"Employee","BALOCHISTAN RURAL","Male",13,"Other","q4",23.4098442340605,"Rural","Balochistan"
"Employee","BALOCHISTAN RURAL","Male",13,"Other","q5",15.3861394750958,"Rural","Balochistan"
"Not Economically Active","BALOCHISTAN RURAL","Male",14,"Other","total",0.38600275120376,"Rural","Balochistan"
"Not Economically Active","BALOCHISTAN RURAL","Male",14,"Other","q1",0.106534851057033,"Rural","Balochistan"
"Not Economically Active","BALOCHISTAN RURAL","Male",14,"Other","q2",0.0963168025275492,"Rural","Balochistan"
"Not Economically Active","BALOCHISTAN RURAL","Male",14,"Other","q3",0.142058561603416,"Rural","Balochistan"
"Not Economically Active","BALOCHISTAN RURAL","Male",14,"Other","q4",1.10541822829784,"Rural","Balochistan"
"Not Economically Active","BALOCHISTAN RURAL","Male",14,"Other","q5",1.38450609617606,"Rural","Balochistan"
"Employer","BALOCHISTAN RURAL","Female",4,"Head","total",NA,"Rural","Balochistan"
"Employer","BALOCHISTAN RURAL","Female",4,"Head","q1",NA,"Rural","Balochistan"
"Employer","BALOCHISTAN RURAL","Female",4,"Head","q2",NA,"Rural","Balochistan"
"Employer","BALOCHISTAN RURAL","Female",4,"Head","q3",NA,"Rural","Balochistan"
"Employer","BALOCHISTAN RURAL","Female",4,"Head","q4",NA,"Rural","Balochistan"
"Employer","BALOCHISTAN RURAL","Female",4,"Head","q5",NA,"Rural","Balochistan"
"Self Employed","BALOCHISTAN RURAL","Female",5,"Head","total",0.956505438622632,"Rural","Balochistan"
"Self Employed","BALOCHISTAN RURAL","Female",5,"Head","q1",0.514773411953273,"Rural","Balochistan"
"Self Employed","BALOCHISTAN RURAL","Female",5,"Head","q2",0.628974911112224,"Rural","Balochistan"
"Self Employed","BALOCHISTAN RURAL","Female",5,"Head","q3",0.941355674028941,"Rural","Balochistan"
"Self Employed","BALOCHISTAN RURAL","Female",5,"Head","q4",2.7005178177369,"Rural","Balochistan"
"Self Employed","BALOCHISTAN RURAL","Female",5,"Head","q5",1.82381584772023,"Rural","Balochistan"
"Contributing Family Worker","BALOCHISTAN RURAL","Female",6,"Head","total",0.297045407572255,"Rural","Balochistan"
"Contributing Family Worker","BALOCHISTAN RURAL","Female",6,"Head","q1",0,"Rural","Balochistan"
"Contributing Family Worker","BALOCHISTAN RURAL","Female",6,"Head","q2",0.618959387049927,"Rural","Balochistan"
"Contributing Family Worker","BALOCHISTAN RURAL","Female",6,"Head","q3",0,"Rural","Balochistan"
"Contributing Family Worker","BALOCHISTAN RURAL","Female",6,"Head","q4",1.35025890886845,"Rural","Balochistan"
"Contributing Family Worker","BALOCHISTAN RURAL","Female",6,"Head","q5",0,"Rural","Balochistan"
"Employee","BALOCHISTAN RURAL","Female",7,"Head","total",1.37876173401458,"Rural","Balochistan"
"Employee","BALOCHISTAN RURAL","Female",7,"Head","q1",0.378475451742918,"Rural","Balochistan"
"Employee","BALOCHISTAN RURAL","Female",7,"Head","q2",1.52937052431268,"Rural","Balochistan"
"Employee","BALOCHISTAN RURAL","Female",7,"Head","q3",3.27494287890327,"Rural","Balochistan"
"Employee","BALOCHISTAN RURAL","Female",7,"Head","q4",1.67362188380782,"Rural","Balochistan"
"Employee","BALOCHISTAN RURAL","Female",7,"Head","q5",1.90939943927992,"Rural","Balochistan"
"Not Economically Active","BALOCHISTAN RURAL","Female",8,"Other","total",0.856288662766944,"Rural","Balochistan"
"Not Economically Active","BALOCHISTAN RURAL","Female",8,"Other","q1",0.896173712627743,"Rural","Balochistan"
"Not Economically Active","BALOCHISTAN RURAL","Female",8,"Other","q2",0.618959387049927,"Rural","Balochistan"
"Not Economically Active","BALOCHISTAN RURAL","Female",8,"Other","q3",2.15232292460015,"Rural","Balochistan"
"Not Economically Active","BALOCHISTAN RURAL","Female",8,"Other","q4",0,"Rural","Balochistan"
"Not Economically Active","BALOCHISTAN RURAL","Female",8,"Other","q5",0,"Rural","Balochistan"
"Employer","BALOCHISTAN RURAL","Female",10,"Other","total",NA,"Rural","Balochistan"
"Employer","BALOCHISTAN RURAL","Female",10,"Other","q1",NA,"Rural","Balochistan"
"Employer","BALOCHISTAN RURAL","Female",10,"Other","q2",NA,"Rural","Balochistan"
"Employer","BALOCHISTAN RURAL","Female",10,"Other","q3",NA,"Rural","Balochistan"
"Employer","BALOCHISTAN RURAL","Female",10,"Other","q4",NA,"Rural","Balochistan"
"Employer","BALOCHISTAN RURAL","Female",10,"Other","q5",NA,"Rural","Balochistan"
"Self Employed","BALOCHISTAN RURAL","Female",11,"Other","total",14.8657287465933,"Rural","Balochistan"
"Self Employed","BALOCHISTAN RURAL","Female",11,"Other","q1",12.8336521418669,"Rural","Balochistan"
"Self Employed","BALOCHISTAN RURAL","Female",11,"Other","q2",14.3963142871451,"Rural","Balochistan"
"Self Employed","BALOCHISTAN RURAL","Female",11,"Other","q3",15.4226961157654,"Rural","Balochistan"
"Self Employed","BALOCHISTAN RURAL","Female",11,"Other","q4",15.7049531342175,"Rural","Balochistan"
"Self Employed","BALOCHISTAN RURAL","Female",11,"Other","q5",24.2880330529733,"Rural","Balochistan"
"Contributing Family Worker","BALOCHISTAN RURAL","Female",12,"Other","total",63.8871131320026,"Rural","Balochistan"
"Contributing Family Worker","BALOCHISTAN RURAL","Female",12,"Other","q1",70.8573902157953,"Rural","Balochistan"
"Contributing Family Worker","BALOCHISTAN RURAL","Female",12,"Other","q2",66.6623266062397,"Rural","Balochistan"
"Contributing Family Worker","BALOCHISTAN RURAL","Female",12,"Other","q3",62.7159177456207,"Rural","Balochistan"
"Contributing Family Worker","BALOCHISTAN RURAL","Female",12,"Other","q4",58.4915554196072,"Rural","Balochistan"
"Contributing Family Worker","BALOCHISTAN RURAL","Female",12,"Other","q5",30.1047661207024,"Rural","Balochistan"
"Employee","BALOCHISTAN RURAL","Female",13,"Other","total",17.5737446466938,"Rural","Balochistan"
"Employee","BALOCHISTAN RURAL","Female",13,"Other","q1",14.5195350660138,"Rural","Balochistan"
"Employee","BALOCHISTAN RURAL","Female",13,"Other","q2",15.5460964494967,"Rural","Balochistan"
"Employee","BALOCHISTAN RURAL","Female",13,"Other","q3",14.3229246001523,"Rural","Balochistan"
"Employee","BALOCHISTAN RURAL","Female",13,"Other","q4",20.0769079507964,"Rural","Balochistan"
"Employee","BALOCHISTAN RURAL","Female",13,"Other","q5",41.8739855393242,"Rural","Balochistan"
"Not Economically Active","BALOCHISTAN RURAL","Female",14,"Other","total",0.184571903734216,"Rural","Balochistan"
"Not Economically Active","BALOCHISTAN RURAL","Female",14,"Other","q1",0,"Rural","Balochistan"
"Not Economically Active","BALOCHISTAN RURAL","Female",14,"Other","q2",0,"Rural","Balochistan"
"Not Economically Active","BALOCHISTAN RURAL","Female",14,"Other","q3",1.16984006092917,"Rural","Balochistan"
"Not Economically Active","BALOCHISTAN RURAL","Female",14,"Other","q4",0,"Rural","Balochistan"
"Not Economically Active","BALOCHISTAN RURAL","Female",14,"Other","q5",0,"Rural","Balochistan"
